image,label,x,y,width,height
GOPR8291/00093.jpg,1,0.3270661666666667,0.5332155,0.02012303333333333,0.04995458333333333
GOPR8291/00093.jpg,2,0.3249663333333333,0.5091691666666667,0.012281886666666663,0.04994089999999999
