image,label,x,y,width,height
GOPR8294/00004.jpg,1,0.6606810000000001,0.5561762000000001,0.05393028,0.08399548
GOPR8294/00004.jpg,2,0.6552562,0.5145506,0.0163366,0.08071328
