image,label,x,y,width,height
GOPR8291/00103.jpg,1,0.6825485714285715,0.5349074285714285,0.027344585714285715,0.0597856
GOPR8291/00103.jpg,2,0.6855604285714285,0.5132758571428571,0.013333657142857143,0.054175
