image,label,x,y,width,height
GOPR8294/00260.jpg,1,0.6580702499999999,0.5235860000000001,0.01664801666666666,0.0416278
GOPR8294/00260.jpg,2,0.6582962499999999,0.5028123333333333,0.010414025833333332,0.039352524999999985
