image,label,x,y,width,height
GOPR8291/00092.jpg,1,0.3689899999999999,0.53620625,0.0501216,0.060110225
GOPR8291/00092.jpg,2,0.3653305000000001,0.51089025,0.014133325,0.05687949999999999
