image,label,x,y,width,height
GOPR8291/00234.jpg,1,0.6801203333333333,0.5370393333333333,0.04861113333333333,0.05590495
GOPR8291/00234.jpg,2,0.6793908333333333,0.5118693333333334,0.01400541666666667,0.052085766666666665
