image,label,x,y,width,height
GOPR8294/00057.jpg,1,0.5521715,0.5219745,0.023129125,0.034332825
GOPR8294/00057.jpg,2,0.55029375,0.5082939999999999,0.0051936075,0.030033099999999997
