image,label,x,y,width,height
GOPR8291/00237.jpg,1,0.5306774999999999,0.536243,0.05000051666666666,0.06055355000000001
GOPR8291/00237.jpg,2,0.5308653333333334,0.5085253333333334,0.0142107,0.05470013333333334
