image,label,x,y,width,height
GOPR8291/00241.jpg,1,0.5507132499999999,0.5335920000000001,0.04549445,0.0623478
GOPR8291/00241.jpg,2,0.55111875,0.5114139999999999,0.01006775,0.0546629
