image,label,x,y,width,height
GOPR8294/00143.jpg,1,0.3624155,0.5380593333333334,0.0156635,0.04937978333333334
GOPR8294/00143.jpg,2,0.3625021666666666,0.5147298333333333,0.010471291666666669,0.03963076666666667
