image,label,x,y,width,height
GOPR8294/00079.jpg,1,0.520137,0.5222420000000001,0.028691125,0.039742125
GOPR8294/00079.jpg,2,0.518645,0.508646,0.007946805,0.03404215
