image,label,x,y,width,height
GOPR8294/00064.jpg,1,0.539041,0.5490075,0.020961825,0.091330625
GOPR8294/00064.jpg,2,0.5388014999999999,0.5121012500000001,0.030712425,0.0844656
