image,label,x,y,width,height
GOPR8294/00194.jpg,1,0.6925576666666666,0.5256441666666667,0.020705116666666662,0.04798373333333333
GOPR8294/00194.jpg,2,0.6903136666666666,0.5029266666666667,0.01236561666666667,0.0456277
