image,label,x,y,width,height
GOPR8291/00026.jpg,1,0.3178986666666666,0.5229043333333334,0.01662753333333333,0.06147876666666665
GOPR8291/00026.jpg,1,0.9291548,0.6241306,0.1397698,0.295063
GOPR8291/00026.jpg,2,0.3169103333333333,0.5057616666666667,0.012911933333333334,0.04766503333333333
GOPR8291/00026.jpg,2,0.9460629999999999,0.5153188,0.06898754,0.26504079999999997
