image,label,x,y,width,height
GOPR8294/00155.jpg,1,0.336948,0.5436868333333333,0.019940883333333333,0.057018166666666675
GOPR8294/00155.jpg,2,0.3401696666666667,0.5164545,0.014906306666666666,0.05199698333333334
