image,label,x,y,width,height
GOPR8294/00174.jpg,1,0.7585802500000001,0.5743097500000001,0.15835725,0.2717035
GOPR8294/00174.jpg,2,0.74571975,0.49979975,0.034601099999999996,0.19339525
