image,label,x,y,width,height
GOPR8291/00091.jpg,1,0.42879045,0.5363349499999999,0.052525464999999986,0.06155151499999999
GOPR8291/00091.jpg,2,0.42556395,0.5115634499999999,0.013124451499999999,0.058109155
