image,label,x,y,width,height
GOPR8291/00061.jpg,1,0.5417108571428572,0.5242305714285714,0.029669900000000003,0.036826642857142856
GOPR8291/00061.jpg,2,0.5394811428571429,0.5095475714285714,0.006695521428571428,0.031170314285714287
