image,label,x,y,width,height
GOPR8294/00136.jpg,1,0.94937,0.5361236666666667,0.065272,0.13166366666666668
GOPR8294/00136.jpg,2,0.9522483333333334,0.4884836666666666,0.02211705,0.10902433333333332
