image,label,x,y,width,height
GOPR8294/00218.jpg,1,0.6256048636363635,0.5212527272727273,0.01959646363636364,0.03721614545454545
GOPR8294/00218.jpg,2,0.6241433636363637,0.5061960909090909,0.008448664090909094,0.03288972272727272
