image,label,x,y,width,height
GOPR8291/00051.jpg,1,0.9727118571428572,0.5663035714285715,0.052778471428571436,0.12498085714285714
GOPR8291/00051.jpg,2,0.9843387142857144,0.5171745714285715,0.0258822,0.12427242857142858
