image,label,x,y,width,height
GOPR8291/00247.jpg,1,0.32785433333333336,0.5310138333333334,0.011817100000000002,0.041935516666666665
GOPR8291/00247.jpg,2,0.3273063333333333,0.5077858333333334,0.0137422,0.04612415
