image,label,x,y,width,height
GOPR8291/00174.jpg,1,0.129162,0.47635900000000003,0.0286762,0.0592861
GOPR8291/00174.jpg,1,0.463524705882353,0.5270718823529412,0.025579894117647058,0.046147523529411774
GOPR8291/00174.jpg,2,0.130657,0.457891,0.00874362,0.035733
GOPR8291/00174.jpg,2,0.4624893529411766,0.5104242352941177,0.009782205294117649,0.03879390588235294
