image,label,x,y,width,height
GOPR8291/00042.jpg,1,0.48491875,0.5294449999999999,0.008579345,0.045616225
GOPR8291/00042.jpg,2,0.48477525,0.51326475,0.013009100000000001,0.041951075
