image,label,x,y,width,height
GOPR8294/00122.jpg,1,0.749522,0.5314300000000001,0.02639208,0.06990853999999999
GOPR8294/00122.jpg,2,0.7424394000000001,0.4980882,0.01181386,0.06571940000000001
