image,label,x,y,width,height
GOPR8294/00263.jpg,1,0.9246982222222222,0.5313878888888888,0.06756857777777779,0.12849288888888888
GOPR8294/00263.jpg,2,0.9284973333333334,0.4856211111111111,0.01964765555555556,0.11083666666666668
