image,label,x,y,width,height
GOPR8291/00156.jpg,1,0.8734504000000001,0.6378292,0.16245359999999998,0.2322588
GOPR8291/00156.jpg,2,0.9018688,0.5207765999999999,0.05731376000000001,0.22568720000000003
