image,label,x,y,width,height
GOPR8294/00084.jpg,1,0.6133899999999999,0.5249199444444445,0.020754066666666668,0.04692471666666667
GOPR8294/00084.jpg,2,0.6123773333333333,0.5065844999999998,0.010908321111111112,0.04327510000000001
