image,label,x,y,width,height
GOPR8291/00031.jpg,1,0.07905091,0.6022835000000001,0.10754042,0.2802239
GOPR8291/00031.jpg,2,0.06451954000000001,0.5109777,0.048332360000000005,0.2323771
