image,label,x,y,width,height
GOPR8294/00239.jpg,1,0.68684,0.5341229999999999,0.0546441,0.0592203
GOPR8294/00239.jpg,2,0.685686,0.504821,0.010774899999999999,0.062304700000000005
