image,label,x,y,width,height
GOPR8291/00204.jpg,1,0.7879913333333334,0.5431613888888889,0.05305156666666668,0.0961924277777778
GOPR8291/00204.jpg,2,0.7841260000000001,0.5112571666666668,0.02073293888888889,0.08505274999999997
