image,label,x,y,width,height
GOPR8291/00065.jpg,1,0.4830268333333334,0.5252308333333333,0.017852983333333333,0.03445435
GOPR8291/00065.jpg,2,0.4824566666666667,0.5087015,0.007810106666666665,0.02958423333333333
