image,label,x,y,width,height
GOPR8291/00111.jpg,1,0.6183915,0.5307965000000001,0.01552885,0.03824665
GOPR8291/00111.jpg,2,0.6161835,0.5145965,0.0077202775,0.037464300000000006
