image,label,x,y,width,height
GOPR8294/00131.jpg,1,0.451790523809524,0.5297295714285714,0.03392643333333333,0.052692823809523816
GOPR8294/00131.jpg,2,0.452437,0.5117503333333333,0.008633971428571429,0.04136365714285714
