image,label,x,y,width,height
GOPR8291/00236.jpg,1,0.5857278571428572,0.5348408571428572,0.049262642857142866,0.06632637142857142
GOPR8291/00236.jpg,2,0.5855872857142856,0.5132428571428572,0.01266964285714286,0.0568091
