image,label,x,y,width,height
GOPR8291/00205.jpg,1,0.707309625,0.537613125,0.0345748,0.06627845
GOPR8291/00205.jpg,2,0.7038961249999999,0.5120883749999999,0.016022124999999998,0.0600266
