image,label,x,y,width,height
GOPR8291/00118.jpg,1,0.42338050000000005,0.52999675,0.03615125,0.044728175
GOPR8291/00118.jpg,2,0.42508975,0.512476,0.0095768975,0.041918975
