image,label,x,y,width,height
GOPR8294/00056.jpg,1,0.6141387500000001,0.520076,0.0279513,0.03359015
GOPR8294/00056.jpg,2,0.6113547500000001,0.5056930000000001,0.006386635,0.031507799999999996
