image,label,x,y,width,height
GOPR8291/00066.jpg,1,0.4978165000000001,0.5242548333333333,0.02852695,0.03541125
GOPR8291/00066.jpg,2,0.4991071666666666,0.5079028333333334,0.007594094999999999,0.030911033333333324
