image,label,x,y,width,height
GOPR8291/00188.jpg,1,0.58625075,0.5247605,0.027066850000000003,0.038377475
GOPR8291/00188.jpg,2,0.5836899999999999,0.51200875,0.008306585,0.033352900000000005
