image,label,x,y,width,height
GOPR8291/00179.jpg,1,0.16916774999999998,0.5416292500000001,0.05655685,0.12120275
GOPR8291/00179.jpg,1,0.74966025,0.5614995,0.07603884999999999,0.12001475
GOPR8291/00179.jpg,2,0.16351925,0.50461075,0.017403625,0.099313625
GOPR8291/00179.jpg,2,0.74845725,0.5148245,0.018907525,0.10236635
