image,label,x,y,width,height
GOPR8294/00142.jpg,1,0.29434950000000004,0.5544177499999999,0.0322623,0.08034880000000001
GOPR8294/00142.jpg,2,0.298609,0.5222902500000001,0.019451775,0.059698675000000014
