image,label,x,y,width,height
GOPR8294/00261.jpg,1,0.7075818888888891,0.5245596666666666,0.028035577777777782,0.05588314444444445
GOPR8294/00261.jpg,2,0.707851,0.4999658888888889,0.01301791111111111,0.05368464444444445
