image,label,x,y,width,height
GOPR8291/00109.jpg,1,0.7087031666666667,0.5394285000000001,0.031385333333333335,0.06838308333333333
GOPR8291/00109.jpg,2,0.7046011666666666,0.5121168333333334,0.0152078,0.05796305
