image,label,x,y,width,height
GOPR8291/00176.jpg,1,0.337912,0.5281086666666667,0.013572766666666666,0.04034236666666666
GOPR8291/00176.jpg,1,0.556057375,0.543752875,0.042067625,0.067690725
GOPR8291/00176.jpg,2,0.3386723333333333,0.5051433333333333,0.008083729999999999,0.03622246666666667
GOPR8291/00176.jpg,2,0.55749375,0.5129486249999999,0.0130800375,0.0579038875
