image,label,x,y,width,height
GOPR8291/00151.jpg,1,0.55688775,0.583066,0.051091800000000014,0.1717375
GOPR8291/00151.jpg,2,0.5524819999999999,0.5130005,0.044576250000000005,0.15100875
