image,label,x,y,width,height
GOPR8291/00198.jpg,1,0.494875,0.53504,0.0153109,0.0662622
GOPR8291/00198.jpg,2,0.494381,0.50937,0.0172865,0.0543231
