image,label,x,y,width,height
GOPR8294/00205.jpg,1,0.54892175,0.5424505000000001,0.016694025,0.08066915
GOPR8294/00205.jpg,2,0.54924325,0.51148075,0.023509575,0.0731173
