image,label,x,y,width,height
GOPR8294/00060.jpg,1,0.151229,0.49968100000000004,0.025638099999999997,0.057743600000000006
GOPR8294/00060.jpg,1,0.5281676666666667,0.533766111111111,0.012832644444444444,0.060204511111111116
GOPR8294/00060.jpg,2,0.152394,0.47926,0.00878654,0.045068199999999996
GOPR8294/00060.jpg,2,0.5286296666666667,0.5102143333333333,0.015570755555555557,0.05240495555555555
