image,label,x,y,width,height
GOPR8294/00096.jpg,1,0.7238545000000001,0.529223,0.0514239,0.07033720000000003
GOPR8294/00096.jpg,2,0.7231025,0.50097525,0.0155331,0.06737610000000001
