image,label,x,y,width,height
GOPR8291/00221.jpg,1,0.5805312105263158,0.5293146842105262,0.014707252631578948,0.045267526315789466
GOPR8291/00221.jpg,2,0.5809438421052631,0.5127160000000002,0.010631113684210523,0.0377686947368421
