image,label,x,y,width,height
GOPR8294/00102.jpg,1,0.58282325,0.533071875,0.062145641666666675,0.06868237499999999
GOPR8294/00102.jpg,2,0.577607125,0.5082355416666667,0.016769465833333334,0.060899891666666664
