image,label,x,y,width,height
GOPR8291/00087.jpg,1,0.518744,0.5370858333333334,0.056658983333333336,0.06274085
GOPR8291/00087.jpg,2,0.5144853333333334,0.5116364999999999,0.013715683333333334,0.05593463333333334
