image,label,x,y,width,height
GOPR8294/00220.jpg,1,0.5367679000000001,0.5227493,0.02799137,0.035556965
GOPR8294/00220.jpg,2,0.53581065,0.5085104999999999,0.007997843499999999,0.03325866000000001
