image,label,x,y,width,height
GOPR8294/00053.jpg,1,0.7362017368421052,0.5271673684210527,0.03621008947368421,0.06737387368421052
GOPR8294/00053.jpg,2,0.7309128947368421,0.4996824210526315,0.014523431578947369,0.0574737105263158
