image,label,x,y,width,height
GOPR8291/00020.jpg,1,0.129919,0.5653090000000001,0.045292400000000003,0.13280799999999998
GOPR8291/00020.jpg,1,0.633997,0.530392,0.017731200000000003,0.0446755
GOPR8291/00020.jpg,2,0.137601,0.506309,0.038308999999999996,0.131375
GOPR8291/00020.jpg,2,0.63307,0.510152,0.010515,0.0422073
