image,label,x,y,width,height
GOPR8291/00057.jpg,1,0.6868974999999999,0.5438415,0.028002975,0.058382675
GOPR8291/00057.jpg,2,0.6901755,0.51741025,0.021641225,0.058010225
