image,label,x,y,width,height
GOPR8294/00145.jpg,1,0.443781875,0.5260875,0.029332425,0.0399122875
GOPR8294/00145.jpg,2,0.44581425,0.51235625,0.0074283775,0.0325856
