image,label,x,y,width,height
GOPR8291/00266.jpg,1,0.6137465,0.52571225,0.015784375,0.04470485
GOPR8291/00266.jpg,2,0.6125475,0.509263,0.00906195,0.0356166
