image,label,x,y,width,height
GOPR8294/00176.jpg,1,0.8660129999999999,0.5735819999999999,0.077672,0.15736
GOPR8294/00176.jpg,2,0.8649129999999999,0.49490200000000006,0.028930400000000002,0.141549
