image,label,x,y,width,height
GOPR8291/00127.jpg,1,0.024425799999999998,0.566554,0.0482662,0.16772949999999998
GOPR8291/00127.jpg,2,0.01599635,0.50795875,0.031388825,0.1840365
