image,label,x,y,width,height
GOPR8294/00036.jpg,1,0.745152,0.5333265714285714,0.062022271428571425,0.0763496142857143
GOPR8294/00036.jpg,2,0.7400408571428573,0.500178857142857,0.015809800000000002,0.07320102857142859
