image,label,x,y,width,height
GOPR8294/00137.jpg,1,0.499329,0.49721400000000004,0.99515,1.0031299999999999
GOPR8294/00137.jpg,5,0.437308,0.6247513333333333,0.3922710333333333,0.4282490000000001
