image,label,x,y,width,height
GOPR8294/00059.jpg,1,0.5183363333333334,0.5298698571428572,0.011432354761904762,0.04714428571428572
GOPR8294/00059.jpg,2,0.5186312380952381,0.5090404285714286,0.013094792857142858,0.04218073333333333
