image,label,x,y,width,height
GOPR8291/00168.jpg,1,0.5432779999999999,0.5282621428571429,0.03204828571428571,0.038326657142857136
GOPR8291/00168.jpg,1,0.7497268333333333,0.5420508333333333,0.04282733333333333,0.0802567
GOPR8291/00168.jpg,2,0.5434359999999999,0.5111322857142857,0.009820555714285714,0.03681327142857143
GOPR8291/00168.jpg,2,0.7465354999999999,0.5124825000000001,0.01826778333333333,0.06978931666666667
