image,label,x,y,width,height
GOPR8291/00138.jpg,1,0.6126510000000001,0.554422,0.0797648,0.0802677
GOPR8291/00138.jpg,2,0.609042,0.515161,0.014797999999999999,0.0750329
