image,label,x,y,width,height
GOPR8294/00149.jpg,1,0.65699,0.5205967499999999,0.018765075,0.046525975
GOPR8294/00149.jpg,2,0.6579065,0.50127825,0.009845835,0.04276665
