image,label,x,y,width,height
GOPR8291/00224.jpg,1,0.2169251,0.5470959,0.08344727999999997,0.11962300000000001
GOPR8291/00224.jpg,2,0.213364,0.5062085000000001,0.02341255,0.110973
