image,label,x,y,width,height
GOPR8294/00094.jpg,1,0.8205914999999999,0.5332582499999999,0.052702525,0.09322785
GOPR8294/00094.jpg,2,0.8170415,0.49741850000000004,0.02024595,0.083571375
