image,label,x,y,width,height
GOPR8291/00148.jpg,1,0.5027645714285713,0.5487088571428572,0.019106428571428573,0.08860185714285715
GOPR8291/00148.jpg,2,0.503286,0.5131207142857143,0.026497814285714287,0.08182940000000001
