image,label,x,y,width,height
GOPR8294/00115.jpg,1,0.661756125,0.52208,0.019210375,0.0472621875
GOPR8294/00115.jpg,2,0.6627155,0.5045796250000001,0.00998674875,0.041183300000000006
