image,label,x,y,width,height
GOPR8294/00240.jpg,1,0.6252859999999999,0.5343278571428571,0.04956778571428572,0.061923999999999986
GOPR8294/00240.jpg,2,0.6251708571428571,0.5053837142857143,0.012947802857142856,0.058584
