image,label,x,y,width,height
GOPR8294/00265.jpg,1,0.7901017222222222,0.5765824444444444,0.07488955555555556,0.18429544444444448
GOPR8294/00265.jpg,2,0.7807594444444445,0.5006713888888888,0.04545611666666667,0.1489706111111111
