image,label,x,y,width,height
GOPR8294/00062.jpg,1,0.53001125,0.5317055,0.01465295,0.0733443
GOPR8294/00062.jpg,2,0.5304305,0.50951325,0.01880325,0.05916615
