image,label,x,y,width,height
GOPR8294/00081.jpg,1,0.5271986666666667,0.5225463333333333,0.030566883333333333,0.037432450000000006
GOPR8294/00081.jpg,2,0.5286213333333333,0.507396,0.006712135,0.031385050000000005
