image,label,x,y,width,height
GOPR8294/00129.jpg,1,0.44324775,0.52754175,0.029658825,0.038661400000000005
GOPR8294/00129.jpg,2,0.44033199999999995,0.51273475,0.00742843,0.032668475
