image,label,x,y,width,height
GOPR8291/00037.jpg,1,0.6612361666666667,0.5353598333333333,0.023507366666666668,0.05233139999999999
GOPR8291/00037.jpg,2,0.6591215,0.5132258333333334,0.013113033333333336,0.052064316666666666
