image,label,x,y,width,height
GOPR8291/00244.jpg,1,0.4532448888888889,0.5354595555555556,0.0522565,0.060849266666666665
GOPR8291/00244.jpg,2,0.4521622222222221,0.5102255555555555,0.015036377777777781,0.05466985555555556
