image,label,x,y,width,height
GOPR8294/00224.jpg,1,0.5776716521739129,0.5220624347826085,0.028678813043478257,0.032570204347826086
GOPR8294/00224.jpg,2,0.5786690434782608,0.5086848695652174,0.00850372,0.03461144782608696
