image,label,x,y,width,height
GOPR8291/00021.jpg,1,0.06162055,0.5794321666666667,0.11492066666666667,0.16675816666666665
GOPR8291/00021.jpg,1,0.5917855,0.52643175,0.020390925,0.04300325
GOPR8291/00021.jpg,2,0.07099171666666666,0.4991191666666666,0.03752808333333333,0.16692883333333333
GOPR8291/00021.jpg,2,0.59085825,0.509783,0.0110467575,0.038724625
