image,label,x,y,width,height
GOPR8294/00135.jpg,1,0.8063273157894738,0.5240207368421053,0.04964167894736842,0.0950956894736842
GOPR8294/00135.jpg,2,0.8067232105263158,0.4925509473684211,0.017086084210526317,0.08103977368421053
