image,label,x,y,width,height
GOPR8294/00195.jpg,1,0.65481,0.5238619999999999,0.0161069,0.045103500000000005
GOPR8294/00195.jpg,2,0.655129,0.50016,0.00919635,0.0309208
