image,label,x,y,width,height
GOPR8294/00100.jpg,1,0.146054,0.5009779999999999,0.0319334,0.0580957
GOPR8294/00100.jpg,1,0.5223943999999999,0.5318566,0.048880739999999985,0.06955313999999999
GOPR8294/00100.jpg,2,0.146324,0.477525,0.0197108,0.047281300000000005
GOPR8294/00100.jpg,2,0.5215806000000001,0.5114909000000001,0.017456386999999997,0.05836009000000001
