image,label,x,y,width,height
GOPR8294/00219.jpg,1,0.57456675,0.52046775,0.028038375,0.033754625
GOPR8294/00219.jpg,2,0.57250225,0.50751175,0.0063415475,0.031383024999999995
