image,label,x,y,width,height
GOPR8294/00247.jpg,1,0.5542900000000001,0.536768,0.05111283333333333,0.0599054
GOPR8294/00247.jpg,2,0.553875,0.5100108333333334,0.01297951,0.055938633333333335
