image,label,x,y,width,height
GOPR8294/00171.jpg,1,0.7428325,0.55886275,0.10242495,0.12188475
GOPR8294/00171.jpg,2,0.7367682499999999,0.5023997499999999,0.0246599,0.12188199999999999
