image,label,x,y,width,height
GOPR8294/00191.jpg,1,0.525329125,0.5604145,0.09001367916666664,0.11801649999999997
GOPR8294/00191.jpg,2,0.52882556,0.52135844,0.024666444400000005,0.103875856
