image,label,x,y,width,height
GOPR8294/00179.jpg,1,0.8581084000000001,0.5527348000000001,0.10253143,0.13752495
GOPR8294/00179.jpg,2,0.8581209000000001,0.4951464,0.02485017,0.12707995
