image,label,x,y,width,height
GOPR8294/00187.jpg,1,0.3754595909090909,0.5355535454545454,0.017845522727272727,0.04326682727272727
GOPR8294/00187.jpg,2,0.3741897727272727,0.5168310909090909,0.010792638636363636,0.04150647727272728
