image,label,x,y,width,height
GOPR8291/00242.jpg,1,0.5578183333333332,0.5340705555555556,0.049527222222222216,0.0659821888888889
GOPR8291/00242.jpg,2,0.5562073333333334,0.5097125555555555,0.012619732222222223,0.056648488888888876
