image,label,x,y,width,height
GOPR8291/00022.jpg,1,0.525467,0.52416875,0.0277108,0.035175725000000005
GOPR8291/00022.jpg,2,0.52337675,0.5105992500000001,0.005936765,0.03001165
