image,label,x,y,width,height
GOPR8291/00088.jpg,1,0.541072,0.5367650476190479,0.049153361904761904,0.060556723809523816
GOPR8291/00088.jpg,2,0.5392936666666667,0.5124815714285714,0.013883333333333334,0.056460638095238075
