image,label,x,y,width,height
GOPR8291/00070.jpg,1,0.5112876666666667,0.5363426666666666,0.03479575,0.05159986666666667
GOPR8291/00070.jpg,2,0.5090675,0.5084601666666666,0.01199246166666667,0.05060615000000001
