image,label,x,y,width,height
GOPR8291/00208.jpg,1,0.5671898333333333,0.5384563333333333,0.04344791666666667,0.06702945
GOPR8291/00208.jpg,2,0.5673659999999999,0.5111736666666666,0.014576483333333334,0.06181608333333333
