image,label,x,y,width,height
GOPR8294/00262.jpg,1,0.7896012380952381,0.5252262380952382,0.04480753809523809,0.08734810952380953
GOPR8294/00262.jpg,2,0.7904148571428573,0.4955254761904763,0.015357142857142856,0.0784961238095238
