image,label,x,y,width,height
GOPR8291/00166.jpg,1,0.598433375,0.5319465,0.0251707625,0.04243844583333334
GOPR8291/00166.jpg,1,0.9877809999999999,0.565905,0.02383003333333333,0.16333499999999998
GOPR8291/00166.jpg,2,0.5989939999999999,0.5129623333333332,0.009026754166666666,0.03849655416666666
