image,label,x,y,width,height
GOPR8291/00233.jpg,1,0.7113126999999999,0.5389114,0.033672439999999984,0.06805035
GOPR8291/00233.jpg,2,0.7089183000000001,0.5113802,0.016267570000000002,0.060462929999999984
