image,label,x,y,width,height
GOPR8294/00150.jpg,1,0.6939468333333334,0.5237884999999999,0.022629066666666663,0.05204048333333333
GOPR8294/00150.jpg,2,0.6953711666666665,0.5009818333333333,0.010133476666666669,0.05009653333333334
