image,label,x,y,width,height
GOPR8294/00228.jpg,1,0.4648823999999999,0.5458462,0.0487573,0.06956446
GOPR8294/00228.jpg,2,0.4647124,0.5183598,0.015608260000000002,0.06677282
