image,label,x,y,width,height
GOPR8294/00154.jpg,1,0.336841375,0.55528575,0.0293358125,0.07386690000000001
GOPR8294/00154.jpg,2,0.330570875,0.51810325,0.0205736375,0.07162785
