image,label,x,y,width,height
GOPR8294/00248.jpg,1,0.4973829,0.5406186000000001,0.05257135,0.05929898
GOPR8294/00248.jpg,2,0.4959991,0.5138056000000001,0.012802429999999998,0.057677
