image,label,x,y,width,height
GOPR8291/00096.jpg,1,0.34925686956521745,0.5254294347826087,0.013674273913043477,0.04174243043478261
GOPR8291/00096.jpg,2,0.3497256818181818,0.5069075,0.009706023636363631,0.037713586363636364
