image,label,x,y,width,height
GOPR8294/00042.jpg,1,0.12294655555555555,0.6184464444444444,0.06572194444444444,0.19883433333333336
GOPR8294/00042.jpg,2,0.11271288888888888,0.5329407777777777,0.062275211111111124,0.1765263333333333
