image,label,x,y,width,height
GOPR8294/00076.jpg,1,0.6407092000000001,0.5216531999999999,0.014310499999999999,0.03972732
GOPR8294/00076.jpg,2,0.639207,0.5057946,0.009102218,0.035991060000000005
