image,label,x,y,width,height
GOPR8291/00110.jpg,1,0.6531794999999999,0.5329149166666666,0.02233052666666667,0.04559424583333333
GOPR8291/00110.jpg,2,0.6508789999999999,0.514615090909091,0.01087966,0.045109490909090916
