image,label,x,y,width,height
GOPR8294/00197.jpg,1,0.5757585000000001,0.522378,0.02700538333333333,0.032990266666666664
GOPR8294/00197.jpg,2,0.5751995,0.5079633333333332,0.006626585,0.03037875
