image,label,x,y,width,height
GOPR8294/00200.jpg,1,0.159344,0.49891899999999995,0.0226395,0.047683699999999996
GOPR8294/00200.jpg,1,0.5445057777777778,0.5317618888888889,0.011183322222222224,0.05321616666666667
GOPR8294/00200.jpg,2,0.16008,0.482803,0.0075465,0.0445931
GOPR8294/00200.jpg,2,0.5444472222222222,0.5123023333333333,0.015920188888888888,0.046698133333333336
