image,label,x,y,width,height
GOPR8291/00047.jpg,1,0.49664040000000004,0.540517,0.016773479999999997,0.07646201999999999
GOPR8291/00047.jpg,2,0.4971344,0.5155714,0.021900460000000004,0.06784846
