image,label,x,y,width,height
GOPR8294/00101.jpg,1,0.128066,0.49668900000000005,0.0350718,0.058110300000000004
GOPR8294/00101.jpg,1,0.5488238333333334,0.5356961666666668,0.05346326666666668,0.063496675
GOPR8294/00101.jpg,2,0.128777,0.47019700000000003,0.00900491,0.0438676
GOPR8294/00101.jpg,2,0.5473106666666666,0.5094088333333333,0.013898158333333334,0.05676920833333335
