image,label,x,y,width,height
GOPR8294/00180.jpg,1,0.72834615,0.52566095,0.027702965,0.06266599000000002
GOPR8294/00180.jpg,2,0.7270915000000001,0.5014719999999999,0.016302615,0.06186539500000001
