image,label,x,y,width,height
GOPR8291/00055.jpg,1,0.5644959999999999,0.5337455,0.02953245,0.055084100000000004
GOPR8291/00055.jpg,2,0.5650229999999999,0.5106585,0.010723945,0.047837825
