image,label,x,y,width,height
GOPR8291/00177.jpg,1,0.30887985714285715,0.527594,0.021696242857142858,0.058785099999999986
GOPR8291/00177.jpg,1,0.602669125,0.5502367499999999,0.051715300000000006,0.07653396250000001
GOPR8291/00177.jpg,2,0.3090195714285714,0.5046748571428571,0.014294114285714287,0.04874335714285715
GOPR8291/00177.jpg,2,0.600173125,0.512192125,0.017881575,0.07400203749999999
