image,label,x,y,width,height
GOPR8291/00063.jpg,1,0.47012,0.52225975,0.026575825000000004,0.037956975
GOPR8291/00063.jpg,2,0.468213,0.5094234999999999,0.0059964875,0.03058685
