image,label,x,y,width,height
GOPR8294/00061.jpg,1,0.53014025,0.53102925,0.0117255,0.071928625
GOPR8294/00061.jpg,2,0.5299165,0.5095267499999999,0.0169109,0.054523125
