image,label,x,y,width,height
GOPR8291/00216.jpg,1,0.46397875,0.52392125,0.01435455,0.038084925
GOPR8291/00216.jpg,2,0.46231025,0.50866725,0.00904833,0.031960925
