image,label,x,y,width,height
GOPR8291/00114.jpg,1,0.4854065,0.52309825,0.0299903,0.038664025
GOPR8291/00114.jpg,2,0.484854,0.51051425,0.00761746,0.032076475
