image,label,x,y,width,height
GOPR8291/00058.jpg,1,0.6621145,0.5297225,0.021911325,0.05559485
GOPR8291/00058.jpg,2,0.659817375,0.509620625,0.0129197125,0.0461272875
