image,label,x,y,width,height
GOPR8294/00157.jpg,1,0.3863634,0.5307888000000001,0.01202768,0.037081199999999995
GOPR8294/00157.jpg,2,0.3877954,0.5170161999999999,0.009692499999999998,0.034257499999999996
