image,label,x,y,width,height
GOPR8294/00063.jpg,1,0.5342132500000001,0.5374965,0.01780635,0.06815895
GOPR8294/00063.jpg,2,0.53455925,0.5100795,0.020174725,0.06220935
