image,label,x,y,width,height
GOPR8291/00141.jpg,1,0.32253571428571426,0.5320824285714286,0.020958309523809518,0.049922071428571434
GOPR8291/00141.jpg,2,0.32450036363636364,0.5077676363636362,0.012040408181818184,0.045824453636363636
