image,label,x,y,width,height
GOPR8294/00138.jpg,1,0.9364725714285714,0.6091568571428571,0.12257114285714285,0.353754
GOPR8294/00138.jpg,2,0.9635598571428572,0.4913221428571429,0.06375712857142858,0.285028
