image,label,x,y,width,height
GOPR8294/00162.jpg,1,0.5327025,0.5370515,0.014040299999999999,0.06705518333333334
GOPR8294/00162.jpg,2,0.5326385,0.5071143333333333,0.018954966666666663,0.057445833333333335
