image,label,x,y,width,height
GOPR8294/00104.jpg,1,0.463848,0.5425892499999999,0.056673675,0.057725774999999986
GOPR8294/00104.jpg,2,0.4610095,0.51605675,0.01025408,0.0554857
