image,label,x,y,width,height
GOPR8294/00107.jpg,1,0.35617225,0.537134,0.019321925,0.0566859
GOPR8294/00107.jpg,2,0.35718449999999996,0.51614225,0.01340765,0.04480535
