image,label,x,y,width,height
GOPR8291/00219.jpg,1,0.5577805,0.5236850000000001,0.02754063333333333,0.03742305
GOPR8291/00219.jpg,2,0.5590890000000001,0.509158,0.007237243333333333,0.03478515
