image,label,x,y,width,height
GOPR8291/00181.jpg,1,0.3490502857142857,0.6511697142857142,0.3061641428571429,0.35972314285714285
GOPR8291/00181.jpg,1,0.974776,0.5956295,0.04747386666666667,0.1560455
GOPR8291/00181.jpg,2,0.36970657142857133,0.5336867142857143,0.0729914,0.34447014285714284
