image,label,x,y,width,height
GOPR8291/00029.jpg,1,0.1206035,0.5629465,0.051121775,0.1290335
GOPR8291/00029.jpg,2,0.11777075,0.5053287499999999,0.02895525,0.1225955
