image,label,x,y,width,height
GOPR8291/00173.jpg,1,0.4862652352941177,0.5276354705882353,0.020797317647058826,0.04014302352941177
GOPR8291/00173.jpg,2,0.4847137647058824,0.5098637058823529,0.008229638235294117,0.03501472352941177
