image,label,x,y,width,height
GOPR8291/00106.jpg,1,0.964755125,0.597942375,0.0678126625,0.230869125
GOPR8291/00106.jpg,2,0.986582,0.48819325,0.0239783875,0.1419935
