image,label,x,y,width,height
GOPR8294/00120.jpg,1,0.8732668,0.5836673000000001,0.13786910000000002,0.2176603
GOPR8294/00120.jpg,2,0.8442886000000001,0.5040354,0.04942561,0.159111
