image,label,x,y,width,height
GOPR8294/00083.jpg,1,0.6239622499999999,0.5197404999999999,0.013429649999999998,0.0396385
GOPR8294/00083.jpg,2,0.6242455,0.5060815,0.01031127,0.029413925
