image,label,x,y,width,height
GOPR8291/00252.jpg,1,0.41198175,0.5219239999999999,0.028785325,0.033860400000000006
GOPR8291/00252.jpg,2,0.41376925,0.50694575,0.0068068875,0.030358375
