image,label,x,y,width,height
GOPR8294/00156.jpg,1,0.3659234000000001,0.5374102000000001,0.01742618,0.046893300000000006
GOPR8294/00156.jpg,2,0.368165,0.5201008,0.01430024,0.04140116
