image,label,x,y,width,height
GOPR8294/00256.jpg,1,0.4159468000000001,0.5279855999999999,0.02688512,0.04101338
GOPR8294/00256.jpg,2,0.41766179999999997,0.5164876,0.007306809999999999,0.03578768
