image,label,x,y,width,height
GOPR8294/00229.jpg,1,0.29073116666666665,0.5671276666666666,0.07880300000000001,0.10005335
GOPR8294/00229.jpg,2,0.28986616666666665,0.5233551666666666,0.0189018,0.1001844
