image,label,x,y,width,height
GOPR8291/00142.jpg,1,0.3498105555555556,0.5260625555555555,0.014193522222222218,0.037209677777777776
GOPR8291/00142.jpg,2,0.3503377777777777,0.5090292222222222,0.009938973333333332,0.03516736666666667
