image,label,x,y,width,height
GOPR8291/00259.jpg,1,0.8593654545454544,0.5465765454545454,0.06941410454545455,0.11761729545454545
GOPR8291/00259.jpg,2,0.8615185454545453,0.5101967272727272,0.02318313636363636,0.1021485090909091
