image,label,x,y,width,height
GOPR8291/00238.jpg,1,0.5028247,0.5340331,0.04865902,0.06447528
GOPR8291/00238.jpg,2,0.5026827,0.5092776,0.013048319,0.052775189999999986
