image,label,x,y,width,height
GOPR8294/00123.jpg,1,0.6996337499999999,0.520618,0.024389275,0.06302920000000001
GOPR8294/00123.jpg,2,0.6951847499999999,0.49906475,0.0118388675,0.049561900000000006
