image,label,x,y,width,height
GOPR8291/00206.jpg,1,0.6418496499999999,0.53250415,0.045793370000000014,0.05688742500000001
GOPR8291/00206.jpg,2,0.6379229000000001,0.513573,0.0116879805,0.051418815000000014
