image,label,x,y,width,height
GOPR8294/00223.jpg,1,0.5355545714285714,0.5233624285714286,0.030660771428571425,0.032307214285714286
GOPR8294/00223.jpg,2,0.5392418571428571,0.5082468571428571,0.008346484285714287,0.032782171428571434
