image,label,x,y,width,height
GOPR8291/00220.jpg,1,0.5980638,0.5273879499999999,0.0129974885,0.035885119999999986
GOPR8291/00220.jpg,2,0.5979864500000001,0.51241025,0.008786309,0.03286087
