image,label,x,y,width,height
GOPR8294/00103.jpg,1,0.5259965000000001,0.5373543333333333,0.05449176666666667,0.062196200000000014
GOPR8294/00103.jpg,2,0.5245394999999999,0.5093198333333334,0.012633808333333336,0.05683525
