image,label,x,y,width,height
GOPR8294/00058.jpg,1,0.516478,0.527575,0.0114054,0.0382915
GOPR8294/00058.jpg,2,0.517091,0.510196,0.011895900000000001,0.03652419999999999
