image,label,x,y,width,height
GOPR8294/00264.jpg,1,0.9908785,0.51606375,0.017399275,0.082537125
GOPR8294/00264.jpg,5,0.516147,0.6188939999999999,0.50013545,0.5556405
