image,label,x,y,width,height
GOPR8291/00023.jpg,1,0.0807075,0.636591,0.16038125,0.33174800000000004
GOPR8291/00023.jpg,1,0.4499542500000001,0.523227,0.030237225000000006,0.036625125
GOPR8291/00023.jpg,2,0.041243199999999994,0.5046475,0.067657475,0.308435
GOPR8291/00023.jpg,2,0.44729350000000007,0.50967575,0.00902467,0.030804275
