image,label,x,y,width,height
GOPR8294/00221.jpg,1,0.5184334285714286,0.5241447142857142,0.02356604285714286,0.0320082
GOPR8294/00221.jpg,2,0.5165457142857143,0.508027,0.006062462857142857,0.029903557142857144
