image,label,x,y,width,height
GOPR8291/00035.jpg,1,0.843058142857143,0.5531658571428572,0.06557027142857143,0.10272564285714283
GOPR8291/00035.jpg,2,0.836932142857143,0.5123735714285714,0.021343285714285714,0.09119601428571428
