image,label,x,y,width,height
GOPR8291/00235.jpg,1,0.6384065,0.53493225,0.04302045,0.062612075
GOPR8291/00235.jpg,2,0.638151,0.51385125,0.0099422425,0.0540357
