image,label,x,y,width,height
GOPR8291/00064.jpg,1,0.4677330000000001,0.5253818749999999,0.0091928625,0.03407195625
GOPR8291/00064.jpg,2,0.46693925,0.5098353125000001,0.009625681874999998,0.031515474999999994
