image,label,x,y,width,height
GOPR8294/00237.jpg,1,0.78440905,0.53415165,0.044349315000000014,0.074002205
GOPR8294/00237.jpg,2,0.7816001499999998,0.5008033500000001,0.0189261,0.07644890000000001
