image,label,x,y,width,height
GOPR8294/00246.jpg,1,0.5937235000000001,0.535925,0.055181225,0.0631766
GOPR8294/00246.jpg,2,0.591823,0.50660075,0.013673825,0.058581399999999985
