image,label,x,y,width,height
GOPR8291/00080.jpg,1,0.7272440000000001,0.541849,0.03929291666666666,0.06968714999999999
GOPR8291/00080.jpg,2,0.7247965000000001,0.512147,0.016504266666666666,0.06292451666666668
