image,label,x,y,width,height
GOPR8291/00171.jpg,1,0.11799100000000001,0.456426,0.0215956,0.036634
GOPR8291/00171.jpg,1,0.5323553888888888,0.5263473333333334,0.012881608333333334,0.0410324
GOPR8291/00171.jpg,2,0.11915,0.446608,0.00707651,0.0339963
GOPR8291/00171.jpg,2,0.5319474444444443,0.5101735555555555,0.010290248333333332,0.0344097
