image,label,x,y,width,height
GOPR8294/00038.jpg,1,0.5113229230769231,0.5357875384615385,0.052301900000000005,0.05589055384615384
GOPR8294/00038.jpg,2,0.5079401538461539,0.5108910769230769,0.010758456153846154,0.05290396153846154
