image,label,x,y,width,height
GOPR8291/00097.jpg,1,0.35848083333333336,0.5225933333333334,0.013215116666666664,0.0384936
GOPR8291/00097.jpg,2,0.358074,0.5072133333333333,0.0075968366666666655,0.030785483333333325
