image,label,x,y,width,height
GOPR8294/00158.jpg,1,0.42438859999999995,0.5275040000000001,0.029789064999999993,0.04040219
GOPR8294/00158.jpg,2,0.4264602999999999,0.5131331999999998,0.007650913,0.03288875
