image,label,x,y,width,height
GOPR8291/00018.jpg,1,0.2165083333333333,0.5438470000000001,0.0471957,0.08532933333333333
GOPR8291/00018.jpg,1,0.8320191666666666,0.5548553333333334,0.06373713333333332,0.09906518333333332
GOPR8291/00018.jpg,2,0.21568333333333334,0.5024058333333333,0.01938615,0.08211671666666666
GOPR8291/00018.jpg,2,0.8255593333333334,0.5144036666666667,0.02120113333333333,0.09011528333333334
