image,label,x,y,width,height
GOPR8294/00184.jpg,1,0.5414585,0.52325025,0.02809,0.03133485
GOPR8294/00184.jpg,2,0.54029925,0.5092024999999999,0.0069940525,0.032427
