image,label,x,y,width,height
GOPR8291/00218.jpg,1,0.5041173333333334,0.5242290000000001,0.026603966666666663,0.03620831666666666
GOPR8291/00218.jpg,2,0.5058321666666666,0.5102694999999999,0.008736505,0.03335405
