image,label,x,y,width,height
GOPR8291/00217.jpg,1,0.4751275555555554,0.5228855555555556,0.029413400000000006,0.040144044444444436
GOPR8291/00217.jpg,2,0.4773111111111111,0.5089117777777777,0.007598833333333332,0.03158083333333333
