image,label,x,y,width,height
GOPR8291/00230.jpg,1,0.8471326000000001,0.5520606,0.06430342,0.11174780000000001
GOPR8291/00230.jpg,2,0.8435451999999999,0.5116102,0.02555464,0.097028
