image,label,x,y,width,height
GOPR8294/00267.jpg,1,0.7609532499999999,0.535827,0.026116000000000004,0.0670837
GOPR8294/00267.jpg,2,0.75670925,0.5038972500000001,0.015159125,0.07022400000000001
