image,label,x,y,width,height
GOPR8294/00245.jpg,1,0.5735504444444444,0.5360178888888889,0.05101985555555556,0.060626099999999995
GOPR8294/00245.jpg,2,0.5731543333333334,0.5077882222222222,0.013693033333333335,0.0562064
