image,label,x,y,width,height
GOPR8294/00198.jpg,1,0.5322468000000001,0.5285826,0.009840482,0.03738522
GOPR8294/00198.jpg,2,0.5321738,0.5108636000000001,0.01187876,0.032772640000000006
