image,label,x,y,width,height
GOPR8294/00212.jpg,1,0.696054380952381,0.5265221428571429,0.04443603333333333,0.055514980952380964
GOPR8294/00212.jpg,2,0.6935584285714285,0.5031830476190476,0.0136221,0.056497304761904774
