image,label,x,y,width,height
GOPR8291/00104.jpg,1,0.7674548000000001,0.5467770000000001,0.04589236,0.08041275999999999
GOPR8291/00104.jpg,2,0.7699038,0.5162085999999999,0.01394124,0.07175988
