image,label,x,y,width,height
GOPR8294/00046.jpg,1,0.8556802499999999,0.53448825,0.066102475,0.1047865
GOPR8294/00046.jpg,2,0.8520015,0.4927235,0.01787995,0.0858143
