image,label,x,y,width,height
GOPR8291/00050.jpg,1,0.9487415,0.6328199999999999,0.0995293,0.27221100000000004
GOPR8291/00050.jpg,2,0.9739040000000001,0.48879225,0.050184325,0.17566325
