image,label,x,y,width,height
GOPR8294/00116.jpg,1,0.7099321999999999,0.5231709999999999,0.02998716,0.06220596000000001
GOPR8294/00116.jpg,2,0.7121571999999999,0.5011416000000001,0.00983555,0.04888334
