image,label,x,y,width,height
GOPR8291/00189.jpg,1,0.527625,0.522926,0.0287202,0.0355736
GOPR8291/00189.jpg,2,0.5260819999999999,0.505713,0.00569656,0.026393299999999998
