image,label,x,y,width,height
GOPR8291/00191.jpg,1,0.488392,0.5273990000000001,0.009970555,0.050813625
GOPR8291/00191.jpg,2,0.48895025,0.5098715,0.01256585,0.041623625
