image,label,x,y,width,height
GOPR8294/00177.jpg,1,0.796154,0.5574473636363638,0.09905481818181816,0.12276218181818185
GOPR8294/00177.jpg,1,0.979461125,0.54280825,0.0396231375,0.129631375
GOPR8294/00177.jpg,2,0.7714183000000001,0.5002496000000001,0.02272715,0.120649
GOPR8294/00177.jpg,2,0.9910097777777778,0.4833149999999999,0.018305966666666663,0.1209793111111111
