image,label,x,y,width,height
GOPR8294/00151.jpg,1,0.7331099000000001,0.5338160000000001,0.01744268,0.06545547
GOPR8294/00151.jpg,2,0.7337975833333333,0.5025511666666667,0.020287758333333333,0.055407100000000015
