image,label,x,y,width,height
GOPR8291/00153.jpg,1,0.5567687894736842,0.5786593684210527,0.05562826842105264,0.19189152631578946
GOPR8291/00153.jpg,2,0.5570392105263157,0.5178749999999999,0.04633043684210526,0.1494713157894737
