image,label,x,y,width,height
GOPR8294/00071.jpg,1,0.634828,0.52863,0.044965025000000006,0.053655225
GOPR8294/00071.jpg,2,0.63219825,0.5086854999999999,0.0111241575,0.049373275
