image,label,x,y,width,height
GOPR8294/00078.jpg,1,0.5480431111111111,0.5218712222222224,0.028906055555555563,0.03671105555555555
GOPR8294/00078.jpg,2,0.546482888888889,0.5064003333333333,0.0073454233333333325,0.03129665555555556
