image,label,x,y,width,height
GOPR8291/00150.jpg,1,0.5544425000000001,0.5836078333333333,0.04368603333333334,0.1686775
GOPR8291/00150.jpg,2,0.5548425,0.507084,0.04144573333333333,0.13985691666666664
