image,label,x,y,width,height
GOPR8294/00066.jpg,1,0.8311055,0.638759,0.2470213333333333,0.3080578333333333
GOPR8294/00066.jpg,2,0.8640066666666666,0.5112463333333332,0.06155491666666666,0.2500105
