image,label,x,y,width,height
GOPR8294/00233.jpg,1,0.993224,0.625418,0.0128857,0.0251728
GOPR8294/00233.jpg,5,0.432965,0.595704,0.5618635000000001,0.5813005
