image,label,x,y,width,height
GOPR8291/00172.jpg,1,0.5129104999999999,0.528050625,0.02309950625,0.038301
GOPR8291/00172.jpg,2,0.5116649375,0.509101625,0.009384051875,0.034788
