image,label,x,y,width,height
GOPR8294/00003.jpg,1,0.6039658333333333,0.5502486666666667,0.04324165,0.06990836666666665
GOPR8294/00003.jpg,2,0.6009401666666667,0.512374,0.016279000000000002,0.06332461666666668
