image,label,x,y,width,height
GOPR8291/00027.jpg,1,0.2699998333333333,0.5369618333333332,0.029420216666666662,0.07158361666666667
GOPR8291/00027.jpg,1,0.984136,0.6144196666666666,0.02988503333333333,0.18928299999999998
GOPR8291/00027.jpg,2,0.2691133333333333,0.5106766666666668,0.016244966666666666,0.06703825000000001
