image,label,x,y,width,height
GOPR8291/00212.jpg,1,0.6026255,0.52506275,0.015742475,0.038873075
GOPR8291/00212.jpg,2,0.6020734999999999,0.51208425,0.0076043725,0.03347185
