image,label,x,y,width,height
GOPR8291/00187.jpg,1,0.6181186190476191,0.5274634761904763,0.01697165238095238,0.044452261904761904
GOPR8291/00187.jpg,2,0.6171472857142858,0.5106422857142858,0.00969817,0.03860170952380953
