image,label,x,y,width,height
GOPR8294/00238.jpg,1,0.7400621666666667,0.5308975,0.046657416666666666,0.061199233333333325
GOPR8294/00238.jpg,2,0.7399408333333334,0.5018805000000001,0.01532015,0.06938663333333334
