image,label,x,y,width,height
GOPR8291/00056.jpg,1,0.57321575,0.5410923999999999,0.052292774999999986,0.065529435
GOPR8291/00056.jpg,2,0.5746616,0.5139054500000001,0.0147079095,0.060323775
