image,label,x,y,width,height
GOPR8294/00117.jpg,1,0.789168,0.528157,0.0460905,0.0830451
GOPR8294/00117.jpg,2,0.791204,0.494019,0.0159455,0.067718
