image,label,x,y,width,height
GOPR8294/00098.jpg,1,0.6041681428571429,0.5317819523809524,0.05614474285714285,0.0640169142857143
GOPR8294/00098.jpg,2,0.6018964285714287,0.5064849523809524,0.013194195714285714,0.0568478238095238
