image,label,x,y,width,height
GOPR8291/00036.jpg,1,0.7226244000000001,0.5407234000000001,0.04216916,0.07865864
GOPR8291/00036.jpg,2,0.716698,0.5125014,0.01857414,0.06834246
