image,label,x,y,width,height
GOPR8294/00206.jpg,1,0.549235,0.5532600000000001,0.0301464,0.112754
GOPR8294/00206.jpg,2,0.550574,0.512289,0.0316959,0.10598199999999999
