image,label,x,y,width,height
GOPR8294/00055.jpg,1,0.64711575,0.52017725,0.015294325,0.04646204999999999
GOPR8294/00055.jpg,2,0.6457025000000001,0.5029697500000001,0.0096522375,0.039998725
