image,label,x,y,width,height
GOPR8291/00199.jpg,1,0.5009235,0.5413780000000001,0.018202025,0.0899378
GOPR8291/00199.jpg,2,0.5014295,0.5120257500000001,0.021795625,0.07491555
