image,label,x,y,width,height
GOPR8294/00227.jpg,1,0.143207,0.49215299999999995,0.00760475,0.0447105
GOPR8294/00227.jpg,1,0.5644716666666666,0.5294885555555555,0.029855300000000005,0.0478043
GOPR8294/00227.jpg,2,0.143155,0.475521,0.0104833,0.0436374
GOPR8294/00227.jpg,2,0.5635595555555556,0.5083256666666667,0.010709513333333334,0.047385000000000004
