image,label,x,y,width,height
GOPR8294/00202.jpg,1,0.5468652380952381,0.5370914285714287,0.016156399999999998,0.06682929523809526
GOPR8294/00202.jpg,2,0.547168,0.5092191904761906,0.016890157142857142,0.06076544285714284
