image,label,x,y,width,height
GOPR8291/00135.jpg,1,0.620293,0.5310865000000001,0.014002299999999999,0.036827783333333336
GOPR8291/00135.jpg,2,0.6213399999999999,0.5121551666666666,0.01086332666666667,0.03664918333333333
