image,label,x,y,width,height
GOPR8291/00116.jpg,1,0.3931695,0.5226729999999999,0.02554065,0.039991000000000006
GOPR8291/00116.jpg,2,0.3912495,0.5066625,0.0070795175,0.031644875
