image,label,x,y,width,height
GOPR8294/00250.jpg,1,0.38490575,0.5460639999999999,0.041235283333333324,0.05475538333333333
GOPR8294/00250.jpg,2,0.38301599999999997,0.5198865,0.013750866666666669,0.05526066666666666
