image,label,x,y,width,height
GOPR8294/00043.jpg,1,0.4752433703703705,0.6805439999999998,0.3597597037037037,0.427766888888889
GOPR8294/00043.jpg,2,0.4841428076923078,0.5366756923076923,0.07641732307692309,0.3904307307692308
