image,label,x,y,width,height
GOPR8294/00140.jpg,1,0.133519,0.6515537499999999,0.160689,0.3520895
GOPR8294/00140.jpg,2,0.084095175,0.5182585,0.08171089999999999,0.291279
