image,label,x,y,width,height
GOPR8291/00090.jpg,1,0.11816099999999999,0.48216099999999995,0.037021899999999996,0.050075699999999994
GOPR8291/00090.jpg,1,0.48828240000000006,0.5359359999999999,0.05229811,0.05706623000000001
GOPR8291/00090.jpg,2,0.121422,0.46025200000000005,0.0197108,0.047281300000000005
GOPR8291/00090.jpg,2,0.48576850000000005,0.5118181999999999,0.013409454999999995,0.053393060000000006
