image,label,x,y,width,height
GOPR8294/00085.jpg,1,0.5537228750000001,0.533254375,0.033483225000000005,0.0608442875
GOPR8294/00085.jpg,2,0.55245325,0.507824625,0.0112170925,0.0538545375
