image,label,x,y,width,height
GOPR8294/00210.jpg,1,0.87753525,0.5355032500000001,0.0663195,0.10660935
GOPR8294/00210.jpg,2,0.872276,0.4941705,0.023983125,0.0949196
