image,label,x,y,width,height
GOPR8291/00163.jpg,1,0.6788155,0.5416989999999999,0.0406401,0.05988015
GOPR8291/00163.jpg,2,0.675304,0.51337425,0.015749375,0.058925425
