image,label,x,y,width,height
GOPR8291/00137.jpg,1,0.68438575,0.54402475,0.018846599999999998,0.05579335
GOPR8291/00137.jpg,2,0.6868375,0.51431125,0.0188111,0.059851725
