image,label,x,y,width,height
GOPR8291/00085.jpg,1,0.5015892380952381,0.5345897142857142,0.05056638571428572,0.06431274761904764
GOPR8291/00085.jpg,2,0.4999777619047619,0.5093191428571429,0.013898876190476191,0.054400109523809526
