image,label,x,y,width,height
GOPR8291/00207.jpg,1,0.5605610000000001,0.5315259999999999,0.01604228,0.05378742
GOPR8291/00207.jpg,2,0.5616678,0.512005,0.013452340000000002,0.045542039999999985
