image,label,x,y,width,height
GOPR8294/00082.jpg,1,0.5728108333333334,0.5207775,0.029020550000000006,0.03625846666666666
GOPR8294/00082.jpg,2,0.5751635,0.5055903333333333,0.0071581983333333325,0.030794
