image,label,x,y,width,height
GOPR8291/00033.jpg,1,0.9166285,0.6256135999999999,0.14174460000000003,0.2675956
GOPR8291/00033.jpg,2,0.9443547,0.5125195,0.05928705,0.2381323
