image,label,x,y,width,height
GOPR8294/00192.jpg,1,0.6960621666666666,0.5472016666666667,0.04241835,0.0950107
GOPR8294/00192.jpg,2,0.7011803333333333,0.5055943333333334,0.024673966666666658,0.08191985
