image,label,x,y,width,height
GOPR8294/00185.jpg,1,0.4711982222222223,0.5270665555555555,0.028249166666666676,0.03494995555555555
GOPR8294/00185.jpg,2,0.4699298888888889,0.5121422222222223,0.008014221111111112,0.03258873333333333
