image,label,x,y,width,height
GOPR8291/00225.jpg,1,0.01335935,0.565901,0.0258058,0.16325225
GOPR8291/00225.jpg,2,0.012363275,0.5074025,0.024161925,0.1876045
