image,label,x,y,width,height
GOPR8294/00253.jpg,1,0.3696628333333333,0.5382853333333333,0.013026333333333334,0.03927998333333334
GOPR8294/00253.jpg,2,0.3705,0.5184241666666666,0.00930537166666667,0.04070346666666667
