image,label,x,y,width,height
GOPR8294/00039.jpg,1,0.3948275,0.5422843750000002,0.0480390625,0.0586972375
GOPR8294/00039.jpg,2,0.3917545,0.5171545,0.01165752375,0.054370950000000015
