image,label,x,y,width,height
GOPR8291/00134.jpg,1,0.5957336666666667,0.5262193333333333,0.013083933333333334,0.03458116666666666
GOPR8291/00134.jpg,2,0.5953638333333334,0.510436,0.008410856666666666,0.03033625
