image,label,x,y,width,height
GOPR8294/00163.jpg,1,0.5433537142857142,0.5446825714285713,0.019555942857142856,0.08787520000000001
GOPR8294/00163.jpg,2,0.5440421428571428,0.5064338571428572,0.022790642857142853,0.07518762857142858
