image,label,x,y,width,height
GOPR8291/00183.jpg,1,0.917816125,0.5592334166666667,0.07572517083333334,0.13352783333333335
GOPR8291/00183.jpg,2,0.9101898750000004,0.5133718333333334,0.026345612500000004,0.1234865
