image,label,x,y,width,height
GOPR8291/00256.jpg,1,0.63316616,0.53063164,0.019767648,0.048342980000000015
GOPR8291/00256.jpg,2,0.63314104,0.5149614799999999,0.0100915008,0.045290300000000006
