image,label,x,y,width,height
GOPR8294/00092.jpg,1,0.9620755,0.5429628333333334,0.07437321666666667,0.12649466666666667
GOPR8294/00092.jpg,2,0.9648083333333334,0.487009,0.023074266666666662,0.11598316666666668
