image,label,x,y,width,height
GOPR8294/00099.jpg,1,0.5467046666666667,0.5357021666666668,0.053902566666666665,0.06530828333333334
GOPR8294/00099.jpg,2,0.5453260000000001,0.5086324999999999,0.013173498333333334,0.05794301666666667
