image,label,x,y,width,height
GOPR8291/00083.jpg,1,0.5795422499999999,0.536859,0.046367525,0.059833800000000006
GOPR8291/00083.jpg,2,0.57911175,0.5126395,0.010862775,0.05178555
