image,label,x,y,width,height
GOPR8294/00231.jpg,1,0.148722,0.6850580000000001,0.160492,0.33478600000000003
GOPR8294/00231.jpg,2,0.12758599999999998,0.54591075,0.05988775,0.30181975
