image,label,x,y,width,height
GOPR8291/00084.jpg,1,0.5250746190476191,0.5366029047619046,0.05184485238095239,0.06285618571428572
GOPR8291/00084.jpg,2,0.5242351904761905,0.5122374285714286,0.013662890952380954,0.054991314285714285
