image,label,x,y,width,height
GOPR8291/00139.jpg,1,0.424803,0.5485107499999999,0.0674607,0.07757797500000001
GOPR8291/00139.jpg,2,0.41680675,0.509632,0.017593699999999997,0.07378839999999999
