image,label,x,y,width,height
GOPR8294/00165.jpg,1,0.5756011666666666,0.5614598333333333,0.035842533333333336,0.16270333333333334
GOPR8294/00165.jpg,2,0.5750353333333333,0.5047138333333333,0.037474150000000005,0.12750666666666666
