image,label,x,y,width,height
GOPR8291/00228.jpg,1,0.9336246,0.5489658000000001,0.07049234,0.11135564000000002
