image,label,x,y,width,height
GOPR8294/00190.jpg,1,0.343459,0.5624798000000001,0.05505276,0.09716749999999999
GOPR8294/00190.jpg,2,0.3397632,0.5221539999999999,0.01664486,0.08645956
