image,label,x,y,width,height
GOPR8291/00196.jpg,1,0.491721625,0.5388787500000001,0.0160414125,0.060342662499999984
GOPR8291/00196.jpg,2,0.49283475,0.50758825,0.017621725,0.05740592500000001
