image,label,x,y,width,height
GOPR8294/00040.jpg,1,0.2948787142857143,0.5514371428571428,0.03675704285714286,0.07363167142857144
GOPR8294/00040.jpg,2,0.2939722857142857,0.5204794285714286,0.01667562857142857,0.06560168571428572
