image,label,x,y,width,height
GOPR8294/00052.jpg,1,0.81612,0.53028,0.05396485,0.093587875
GOPR8294/00052.jpg,2,0.8093764999999999,0.49786825,0.020110175,0.08255275
