image,label,x,y,width,height
GOPR8294/00047.jpg,1,0.7438741666666666,0.5302496666666666,0.05758438333333332,0.07082768333333334
GOPR8294/00047.jpg,2,0.7404971666666667,0.4973931666666667,0.0149312,0.06413340000000001
