image,label,x,y,width,height
GOPR8291/00231.jpg,1,0.7934884999999999,0.5483307500000001,0.052871649999999985,0.09284325
GOPR8291/00231.jpg,2,0.7911265000000001,0.5138590000000001,0.021154375,0.086223675
