image,label,x,y,width,height
GOPR8294/00216.jpg,1,0.6925673333333333,0.5264088333333333,0.02312208333333333,0.04941565
GOPR8294/00216.jpg,2,0.6916828333333335,0.5045689999999999,0.015331316666666669,0.04974158333333333
