image,label,x,y,width,height
GOPR8291/00132.jpg,1,0.4786524999999999,0.523419,0.028356650000000008,0.037500050000000014
GOPR8291/00132.jpg,2,0.4806125,0.50893025,0.007620605,0.034559225
