image,label,x,y,width,height
GOPR8294/00236.jpg,1,0.8320504999999999,0.53552825,0.049742400000000006,0.08937434999999999
GOPR8294/00236.jpg,2,0.831299,0.49430975,0.022443599999999998,0.086147075
