image,label,x,y,width,height
GOPR8291/00226.jpg,1,0.172308,0.61782,0.26272,0.411062
GOPR8291/00226.jpg,2,0.159771,0.503927,0.0784888,0.35084299999999996
