image,label,x,y,width,height
GOPR8291/00203.jpg,1,0.9264616,0.5528881999999999,0.09157604,0.142645
GOPR8291/00203.jpg,2,0.9164212,0.5085236,0.02554902,0.1116802
