image,label,x,y,width,height
GOPR8291/00223.jpg,1,0.4065648333333333,0.5390073333333333,0.05116593333333333,0.08173546666666666
GOPR8291/00223.jpg,2,0.40394366666666665,0.5105986666666668,0.01475775,0.07370628333333333
