image,label,x,y,width,height
GOPR8291/00119.jpg,1,0.5170480476190477,0.5309156190476191,0.03915863333333333,0.048546123809523806
GOPR8291/00119.jpg,2,0.5188355714285713,0.5119616666666666,0.009634503333333334,0.044127719047619036
