image,label,x,y,width,height
GOPR8291/00165.jpg,1,0.621429,0.535197,0.0258318,0.044251
GOPR8291/00165.jpg,2,0.62267,0.513746,0.010265,0.0402036
