image,label,x,y,width,height
GOPR8291/00182.jpg,1,0.8879760909090909,0.613028,0.08834255454545455,0.22978758181818185
GOPR8291/00182.jpg,2,0.90939,0.5144075000000001,0.060667599999999995,0.2132612
