image,label,x,y,width,height
GOPR8291/00227.jpg,1,0.8183763333333334,0.642716888888889,0.19606955555555555,0.3591074444444444
GOPR8291/00227.jpg,2,0.8548783333333333,0.5119993333333334,0.08111283333333334,0.30559166666666665
