image,label,x,y,width,height
GOPR8291/00044.jpg,1,0.49053149999999995,0.5357195,0.015362700000000002,0.06321412500000001
GOPR8291/00044.jpg,2,0.491458,0.5110092500000001,0.01782765,0.05853785
