image,label,x,y,width,height
GOPR8294/00050.jpg,1,0.5800511428571431,0.5597070476190475,0.09076315238095238,0.12006033333333332
GOPR8294/00050.jpg,2,0.5777955714285715,0.5099069047619048,0.020902304761904758,0.1026046238095238
