image,label,x,y,width,height
GOPR8291/00025.jpg,1,0.34919100000000003,0.5213369999999999,0.01279075,0.0439972
GOPR8291/00025.jpg,1,0.6988129999999999,0.6580315,0.29262150000000003,0.3666298333333334
GOPR8291/00025.jpg,2,0.34691350000000004,0.5089494999999999,0.0112694,0.03501455
GOPR8291/00025.jpg,2,0.7186173333333333,0.5232876666666667,0.07233048333333332,0.34114466666666665
