image,label,x,y,width,height
GOPR8294/00164.jpg,1,0.5657324285714286,0.5651579999999999,0.03450138571428571,0.15218371428571428
GOPR8294/00164.jpg,2,0.5660575714285715,0.509945,0.03337787142857143,0.10956914285714284
