image,label,x,y,width,height
GOPR8291/00130.jpg,1,0.3551435,0.5228703333333332,0.01648405,0.03922791666666667
GOPR8291/00130.jpg,2,0.3569191666666667,0.5048378333333333,0.00849897,0.0331913
