image,label,x,y,width,height
GOPR8294/00181.jpg,1,0.6771795714285714,0.5237265714285714,0.018788971428571426,0.047588428571428566
GOPR8294/00181.jpg,2,0.6748132857142858,0.5028518571428571,0.010888551428571428,0.04549457142857143
