image,label,x,y,width,height
GOPR8291/00072.jpg,1,0.09954758571428572,0.5552158571428571,0.08784794285714284,0.13837585714285713
GOPR8291/00072.jpg,2,0.10161814285714284,0.5006752857142857,0.02469368571428571,0.12357385714285715
