image,label,x,y,width,height
GOPR8294/00235.jpg,1,0.8942605000000001,0.5422185,0.05836762500000001,0.0976936
GOPR8294/00235.jpg,2,0.89374925,0.49474725,0.023035,0.09699819999999999
