image,label,x,y,width,height
GOPR8294/00132.jpg,1,0.5397861176470587,0.5276825294117647,0.04115948235294117,0.05483892941176472
GOPR8294/00132.jpg,2,0.5420031764705882,0.5090994117647059,0.00989233411764706,0.044154464705882364
