image,label,x,y,width,height
GOPR8294/00207.jpg,1,0.6103156666666666,0.6097910000000001,0.051022205000000015,0.15995728333333334
GOPR8294/00207.jpg,2,0.5976676,0.5144827999999999,0.03920586,0.16169039999999998
