image,label,x,y,width,height
GOPR8291/00260.jpg,1,0.9750605909090909,0.5713109090909092,0.046758,0.17752659090909087
GOPR8291/00260.jpg,2,0.9762092727272728,0.5104893181818183,0.043203959090909086,0.15294872727272724
