image,label,x,y,width,height
GOPR8294/00002.jpg,1,0.5671451999999999,0.5468854000000001,0.02714266,0.06012358
GOPR8294/00002.jpg,2,0.5652541999999999,0.517153,0.0132285,0.05783294
