image,label,x,y,width,height
GOPR8294/00075.jpg,1,0.66980575,0.52279175,0.022028799999999998,0.050956
GOPR8294/00075.jpg,2,0.66790925,0.504901,0.0110359125,0.0443976
