image,label,x,y,width,height
GOPR8294/00108.jpg,1,0.368645,0.537062,0.013944,0.0400249
GOPR8294/00108.jpg,2,0.37112399999999995,0.517791,0.0100707,0.0396543
