image,label,x,y,width,height
GOPR8291/00255.jpg,1,0.6011185,0.52451675,0.01729845,0.043214825
GOPR8291/00255.jpg,2,0.6019255,0.5107645000000001,0.007914175,0.0352266
