image,label,x,y,width,height
GOPR8294/00204.jpg,1,0.12398900000000002,0.490095,0.0324289,0.057888800000000004
GOPR8294/00204.jpg,1,0.5465438333333333,0.5389151666666666,0.019139958333333332,0.06509058333333333
GOPR8294/00204.jpg,2,0.120397,0.46862,0.0100976,0.0448171
GOPR8294/00204.jpg,2,0.5488393333333332,0.5095350000000001,0.019680441666666663,0.05823535
