image,label,x,y,width,height
GOPR8291/00262.jpg,1,0.7035018000000001,0.5651488,0.02588718,0.108476
GOPR8291/00262.jpg,2,0.7031154000000001,0.5096247999999999,0.026414100000000003,0.09107578
