image,label,x,y,width,height
GOPR8291/00232.jpg,1,0.7486555714285715,0.5425437142857142,0.04327681428571428,0.07721865714285715
GOPR8291/00232.jpg,2,0.745374,0.511219,0.01901362857142857,0.07229934285714286
