image,label,x,y,width,height
GOPR8291/00017.jpg,1,0.2579971363636364,0.5371615454545455,0.03252443636363636,0.08338625909090908
GOPR8291/00017.jpg,1,0.9794113043478262,0.571756652173913,0.03902942608695652,0.16562913043478264
GOPR8291/00017.jpg,2,0.2586765217391304,0.5052533043478261,0.016531021739130437,0.07443649130434782
GOPR8291/00017.jpg,2,0.9866394347826086,0.5087488260869566,0.025439060869565218,0.14758412173913046
