image,label,x,y,width,height
GOPR8294/00243.jpg,1,0.136126,0.498109,0.0289974,0.0523482
GOPR8294/00243.jpg,1,0.5375146666666667,0.5386566666666667,0.048145699999999986,0.057513250000000016
GOPR8294/00243.jpg,2,0.135045,0.475612,0.0106264,0.0480219
GOPR8294/00243.jpg,2,0.5373678333333334,0.5101945,0.012892373333333332,0.05850106666666665
