image,label,x,y,width,height
GOPR8291/00081.jpg,1,0.6902075000000001,0.5398432499999999,0.04923095,0.06399255000000001
GOPR8291/00081.jpg,2,0.6873815,0.5128917499999999,0.015571475,0.060217125
