image,label,x,y,width,height
GOPR8294/00087.jpg,1,0.226163,0.566883,0.07894780000000001,0.11423499999999999
GOPR8294/00087.jpg,2,0.222842,0.5200100000000001,0.019162099999999998,0.10119700000000001
