image,label,x,y,width,height
GOPR8291/00267.jpg,1,0.5913571999999999,0.5252718000000001,0.02557019,0.03850352
GOPR8291/00267.jpg,2,0.5880502999999999,0.5106878000000001,0.008231641999999999,0.032814479999999986
