image,label,x,y,width,height
GOPR8291/00107.jpg,1,0.74342975,0.58117625,0.03519955,0.134659
GOPR8291/00107.jpg,2,0.740667,0.504813,0.03780975,0.12511475
