image,label,x,y,width,height
GOPR8294/00188.jpg,1,0.3480834285714286,0.5408127142857142,0.018426614285714286,0.05104665714285713
GOPR8294/00188.jpg,2,0.3482347142857143,0.5170539999999999,0.012260384285714285,0.04580147142857143
