image,label,x,y,width,height
GOPR8291/00079.jpg,1,0.7685188571428571,0.5499302857142858,0.04469687857142857,0.07605256428571429
GOPR8291/00079.jpg,2,0.7659735714285716,0.5134794285714286,0.017861707142857144,0.07567200714285714
