image,label,x,y,width,height
GOPR8294/00201.jpg,1,0.1271,0.49148500000000006,0.030358999999999997,0.05958290000000001
GOPR8294/00201.jpg,1,0.5456305833333334,0.5360903333333334,0.014782483333333334,0.06292969166666666
GOPR8294/00201.jpg,2,0.127153,0.47111499999999995,0.00859817,0.0473608
GOPR8294/00201.jpg,2,0.5452395000000001,0.5109296666666666,0.01796223333333333,0.05964429999999999
