image,label,x,y,width,height
GOPR8291/00249.jpg,1,0.3435684,0.5261768,0.01222696,0.04207998
GOPR8291/00249.jpg,2,0.3437064,0.5077198,0.010010132,0.03833804
