image,label,x,y,width,height
GOPR8294/00090.jpg,1,0.8988001666666667,0.6283403333333333,0.1975003333333333,0.357216
GOPR8294/00090.jpg,2,0.9429716666666668,0.4832925,0.07072998333333333,0.2967925
