image,label,x,y,width,height
GOPR8291/00184.jpg,1,0.790154,0.5448037499999999,0.052225475,0.0958863
GOPR8291/00184.jpg,2,0.785772,0.51108425,0.020809975,0.084446125
