image,label,x,y,width,height
GOPR8291/00060.jpg,1,0.5962097142857142,0.5270165714285715,0.0166311,0.036006128571428576
GOPR8291/00060.jpg,2,0.5950138571428571,0.5105332857142858,0.007224467142857144,0.030966585714285712
