image,label,x,y,width,height
GOPR8291/00240.jpg,1,0.5301911666666667,0.5358796666666666,0.04947183333333333,0.06317411666666665
GOPR8291/00240.jpg,2,0.5302168333333334,0.5095861666666667,0.011817285,0.053018833333333334
