image,label,x,y,width,height
GOPR8294/00126.jpg,1,0.559301,0.520717,0.0314413,0.034192400000000005
GOPR8294/00126.jpg,2,0.557479,0.506618,0.00661212,0.033544199999999996
