image,label,x,y,width,height
GOPR8294/00068.jpg,1,0.9107486,0.5365342666666667,0.08079888666666665,0.12145960000000006
GOPR8294/00068.jpg,2,0.9003987333333332,0.4926201333333333,0.023830633333333337,0.10450701333333333
