image,label,x,y,width,height
GOPR8294/00169.jpg,1,0.934955,0.580747,0.056235225,0.18904975
GOPR8294/00169.jpg,2,0.9379665,0.49009725,0.05132175,0.15607125
