image,label,x,y,width,height
GOPR8291/00133.jpg,1,0.542094947368421,0.5248381578947368,0.0292492947368421,0.033995463157894736
GOPR8291/00133.jpg,2,0.5438392105263157,0.5112414736842105,0.008115651578947369,0.03447168421052632
