image,label,x,y,width,height
GOPR8291/00073.jpg,1,0.0335293,0.608262,0.0663841,0.22794499999999998
GOPR8291/00073.jpg,2,0.0237554,0.518616,0.043089499999999996,0.210826
