image,label,x,y,width,height
GOPR8291/00108.jpg,1,0.7496244000000001,0.5560968000000001,0.02761004,0.08776318000000001
GOPR8291/00108.jpg,2,0.7458264000000001,0.5061324,0.02487974,0.07973698
