image,label,x,y,width,height
GOPR8291/00019.jpg,1,0.17524166666666666,0.5544766666666666,0.04260103333333334,0.10149201666666667
GOPR8291/00019.jpg,1,0.7072050000000001,0.5407654999999999,0.0346151,0.06325235
GOPR8291/00019.jpg,2,0.1741943333333333,0.501322,0.02066763333333333,0.09963206666666667
GOPR8291/00019.jpg,2,0.7048446666666667,0.5129836666666667,0.015558033333333332,0.05830335
