image,label,x,y,width,height
GOPR8294/00230.jpg,1,0.1164799,0.6054863,0.06527904,0.15464740000000005
GOPR8294/00230.jpg,2,0.1159318,0.5334336,0.031892500000000004,0.14947220000000003
