image,label,x,y,width,height
GOPR8291/00164.jpg,1,0.645076,0.53606,0.028643400000000003,0.043272500000000005
GOPR8291/00164.jpg,2,0.646961,0.513523,0.0150755,0.0486815
