image,label,x,y,width,height
GOPR8291/00170.jpg,1,0.5582830000000001,0.530395,0.024988800000000002,0.050653
GOPR8291/00170.jpg,2,0.556595,0.5109809999999999,0.01258595,0.0367106
