image,label,x,y,width,height
GOPR8291/00145.jpg,1,0.4819856,0.5283771999999999,0.00863645,0.03580698
GOPR8291/00145.jpg,2,0.4819014,0.5091965999999999,0.009720746,0.03153604
