image,label,x,y,width,height
GOPR8291/00126.jpg,1,0.27683525,0.653492,0.29993600000000004,0.44957025
GOPR8291/00126.jpg,2,0.22093375,0.5110542499999999,0.090124175,0.381517
