image,label,x,y,width,height
GOPR8291/00077.jpg,1,0.884035,0.5526310000000001,0.06446519999999999,0.11891700000000001
GOPR8291/00077.jpg,2,0.8794790000000001,0.513644,0.023007,0.0998093
