image,label,x,y,width,height
GOPR8294/00139.jpg,1,0.71308475,0.66900575,0.30839575,0.43837125
GOPR8294/00139.jpg,2,0.7205124999999999,0.5330527500000001,0.07281502499999999,0.40209125
