image,label,x,y,width,height
GOPR8291/00169.jpg,1,0.5948553000000001,0.5317841,0.03025379,0.04896665
GOPR8291/00169.jpg,2,0.5934496,0.5109330999999999,0.012787984000000002,0.044412780000000006
