image,label,x,y,width,height
GOPR8294/00186.jpg,1,0.4095172,0.5330777999999999,0.016908080000000002,0.035678520000000005
GOPR8294/00186.jpg,2,0.4083462000000001,0.5173332,0.007078219999999999,0.03092326
