image,label,x,y,width,height
GOPR8294/00175.jpg,1,0.8481645238095236,0.5896999523809524,0.10620421904761904,0.2297412380952381
GOPR8294/00175.jpg,2,0.8697282380952379,0.4928359523809524,0.05294976666666667,0.18052185714285715
