image,label,x,y,width,height
GOPR8291/00149.jpg,1,0.5425989999999999,0.5839409999999999,0.038876,0.148848
GOPR8291/00149.jpg,2,0.5425989999999999,0.518333,0.0385335,0.13736700000000002
