image,label,x,y,width,height
GOPR8294/00124.jpg,1,0.6586930000000001,0.5197255000000001,0.018626325000000003,0.05017775
GOPR8294/00124.jpg,2,0.65542375,0.5023089999999999,0.0093617,0.040258875
