image,label,x,y,width,height
GOPR8291/00265.jpg,1,0.6431922499999999,0.5328917500000001,0.021989625,0.049713475
GOPR8291/00265.jpg,2,0.64102525,0.5124150000000001,0.011783700000000001,0.044057749999999986
