image,label,x,y,width,height
GOPR8291/00071.jpg,1,0.347293,0.54652025,0.06962975,0.09402425
GOPR8291/00071.jpg,2,0.3418785,0.5104247500000001,0.01794,0.0797512
