image,label,x,y,width,height
GOPR8291/00175.jpg,1,0.4564988571428571,0.5318192857142857,0.022967242857142856,0.05120681428571428
GOPR8291/00175.jpg,2,0.4553322857142857,0.5108991428571429,0.01122961,0.04593047142857143
