image,label,x,y,width,height
GOPR8291/00211.jpg,1,0.63103,0.5300372857142858,0.018418585714285708,0.04585137142857143
GOPR8291/00211.jpg,2,0.6294197142857143,0.5141171428571429,0.010200535714285714,0.04297807142857143
