image,label,x,y,width,height
GOPR8291/00246.jpg,1,0.35357475000000005,0.5319,0.037932575,0.054739075
GOPR8291/00246.jpg,2,0.34988850000000005,0.5092300000000001,0.012904525,0.048380775
