image,label,x,y,width,height
GOPR8294/00077.jpg,1,0.6043784444444444,0.5194915555555555,0.027095172222222224,0.0353564
GOPR8294/00077.jpg,2,0.6020816666666667,0.5098732222222222,0.009581717777777776,0.032967588888888885
