image,label,x,y,width,height
GOPR8291/00195.jpg,1,0.49210299999999996,0.53475125,0.016356475,0.07334247499999999
GOPR8291/00195.jpg,2,0.492483,0.5084814999999999,0.018351675,0.05648685
