image,label,x,y,width,height
GOPR8294/00241.jpg,1,0.5650440000000001,0.5371024999999999,0.047575375,0.058072375
GOPR8294/00241.jpg,2,0.5655485,0.5109635,0.0090861975,0.053552699999999995
