image,label,x,y,width,height
GOPR8294/00209.jpg,1,0.9938384,0.5071226,0.012376673999999999,0.04498598
GOPR8294/00209.jpg,5,0.5112906666666667,0.5240619999999999,0.7433813333333332,0.8397866666666666
GOPR8294/00209.jpg,5,0.7020689999999999,0.674082,0.0221549,0.0591783
