image,label,x,y,width,height
GOPR8294/00074.jpg,1,0.7126807142857142,0.5258924285714286,0.02696184285714286,0.06014402857142856
GOPR8294/00074.jpg,2,0.7105075714285715,0.5024888571428571,0.012797014285714284,0.05476904285714285
