image,label,x,y,width,height
GOPR8294/00160.jpg,1,0.5194558333333333,0.5282743333333333,0.008335493333333334,0.04100695
GOPR8294/00160.jpg,2,0.5190945,0.5111171666666666,0.012487100000000001,0.03830625
