image,label,x,y,width,height
GOPR8291/00253.jpg,1,0.48560059999999994,0.5224017999999999,0.029565300000000003,0.03727264
GOPR8291/00253.jpg,2,0.4872416,0.5083346,0.0076440840000000015,0.033269420000000015
