image,label,x,y,width,height
GOPR8291/00038.jpg,1,0.6207257500000001,0.5289495000000001,0.015035975000000004,0.042136599999999996
GOPR8291/00038.jpg,2,0.6196470000000001,0.5111472499999999,0.0101777425,0.03854895
