image,label,x,y,width,height
GOPR8294/00114.jpg,1,0.6306825,0.517387,0.016646875,0.043076675
GOPR8294/00114.jpg,2,0.631785,0.5032685,0.0101068275,0.036089275
