image,label,x,y,width,height
GOPR8291/00185.jpg,1,0.7041678333333333,0.5377164166666666,0.03386025833333334,0.06724333333333335
GOPR8291/00185.jpg,2,0.7023030416666667,0.5131520416666667,0.01594787916666666,0.06073236250000001
