image,label,x,y,width,height
GOPR8294/00242.jpg,1,0.5397911666666667,0.5378106666666668,0.05158464999999999,0.059694733333333326
GOPR8294/00242.jpg,2,0.5394018333333332,0.5110033333333334,0.01223146,0.06080396666666666
