image,label,x,y,width,height
GOPR8294/00173.jpg,1,0.7107878000000001,0.5793524,0.104565,0.23001799999999997
GOPR8294/00173.jpg,2,0.6956635999999999,0.509604,0.035139279999999995,0.17650339999999998
