image,label,x,y,width,height
GOPR8294/00266.jpg,1,0.7686014166666665,0.5509054166666667,0.02203866666666666,0.08766810833333334
GOPR8294/00266.jpg,2,0.7686109999999999,0.49858,0.027880650000000003,0.09118796666666668
