image,label,x,y,width,height
GOPR8291/00200.jpg,1,0.516786,0.566775,0.038620925,0.16424499999999995
GOPR8291/00200.jpg,2,0.51606625,0.51312325,0.035749175,0.13078425
