image,label,x,y,width,height
GOPR8294/00118.jpg,1,0.9228878571428571,0.5272917142857143,0.07967448571428573,0.13459057142857142
GOPR8294/00118.jpg,2,0.9287735714285714,0.4791721428571428,0.021038914285714284,0.10081132857142858
