image,label,x,y,width,height
GOPR8294/00152.jpg,1,0.6749683333333335,0.5480196666666667,0.0762328,0.09287108333333333
GOPR8294/00152.jpg,2,0.6760908333333333,0.5046058333333333,0.0210408,0.08585268333333332
