image,label,x,y,width,height
GOPR8294/00133.jpg,1,0.6389975000000001,0.5252410000000001,0.041906789999999985,0.05427933
GOPR8294/00133.jpg,2,0.6408588000000001,0.5044681000000001,0.011219873,0.04737381
