image,label,x,y,width,height
GOPR8294/00112.jpg,1,0.5094265,0.52364,0.03229245,0.04079085
GOPR8294/00112.jpg,2,0.51165975,0.506803,0.008821465,0.032417575
