image,label,x,y,width,height
GOPR8294/00252.jpg,1,0.35835257142857146,0.541656,0.015628428571428574,0.04547475714285714
GOPR8294/00252.jpg,2,0.3590322857142857,0.5170624285714285,0.012026628571428572,0.0447166
