image,label,x,y,width,height
GOPR8294/00037.jpg,1,0.62815825,0.53298175,0.05517865,0.062137625
GOPR8294/00037.jpg,2,0.6224445000000001,0.50716575,0.010794325,0.057217
