image,label,x,y,width,height
GOPR8294/00257.jpg,1,0.4831856666666667,0.5267255,0.02757835,0.03501343333333334
GOPR8294/00257.jpg,2,0.4844526666666666,0.5119738333333334,0.007089764999999999,0.03315446666666667
