image,label,x,y,width,height
GOPR8291/00178.jpg,1,0.2583954210526316,0.534818052631579,0.03208206842105263,0.08665165263157892
GOPR8291/00178.jpg,1,0.6640718947368421,0.5532211578947368,0.05926318421052632,0.09844600526315787
GOPR8291/00178.jpg,2,0.25773057894736845,0.5077903684210526,0.016314447368421053,0.07277423157894737
GOPR8291/00178.jpg,2,0.6617936842105263,0.5133964736842106,0.020844084210526314,0.08740335263157896
