image,label,x,y,width,height
GOPR8291/00053.jpg,1,0.7237410434782608,0.5382858695652175,0.035053178260869566,0.07422854782608694
GOPR8291/00053.jpg,2,0.7199590869565218,0.5121724782608696,0.016313382608695654,0.0672162347826087
