image,label,x,y,width,height
GOPR8291/00086.jpg,1,0.4998108421052632,0.5348127894736843,0.05009424210526316,0.06383393157894737
GOPR8291/00086.jpg,2,0.4995741052631579,0.5095326315789473,0.012848454736842109,0.05583077368421052
