image,label,x,y,width,height
GOPR8291/00120.jpg,1,0.6178801499999999,0.5324434499999999,0.044088559999999985,0.052741675000000016
GOPR8291/00120.jpg,2,0.6208526499999999,0.5113555000000001,0.0108123895,0.048094395
