image,label,x,y,width,height
GOPR8291/00095.jpg,1,0.3395465416666667,0.5270221249999999,0.014461120833333332,0.0463649625
GOPR8291/00095.jpg,2,0.3400664583333333,0.5089769166666666,0.010544226250000002,0.03790655833333333
