image,label,x,y,width,height
GOPR8294/00214.jpg,1,0.6305951999999999,0.5362176,0.04752262,0.06615692
GOPR8294/00214.jpg,2,0.6276544000000001,0.5124915999999999,0.01484638,0.06349794
