image,label,x,y,width,height
GOPR8291/00068.jpg,1,0.5941468333333334,0.5238435,0.014457400000000004,0.038381083333333336
GOPR8291/00068.jpg,2,0.592874,0.5094855000000001,0.005989976666666666,0.02806183333333333
