image,label,x,y,width,height
GOPR8291/00245.jpg,1,0.400868,0.5362651666666668,0.04746285,0.05944398333333334
GOPR8291/00245.jpg,2,0.3978680000000001,0.5113648333333334,0.014411933333333337,0.05581855
