image,label,x,y,width,height
GOPR8291/00229.jpg,2,0.91302475,0.51040275,0.027937525,0.11694500000000001
