image,label,x,y,width,height
GOPR8294/00166.jpg,1,0.5842875999999999,0.5690966,0.04720408,0.15798600000000002
GOPR8294/00166.jpg,2,0.5825794,0.5041284,0.03882632,0.130518
