image,label,x,y,width,height
GOPR8291/00028.jpg,1,0.186357,0.551988,0.0431592,0.0999214
GOPR8291/00028.jpg,2,0.18554600000000002,0.50913,0.0196547,0.101391
