image,label,x,y,width,height
GOPR8291/00105.jpg,1,0.9155469999999999,0.560511,0.0758199,0.11924100000000001
GOPR8291/00105.jpg,2,0.9249649999999999,0.5119739999999999,0.019952599999999997,0.101661
