image,label,x,y,width,height
GOPR8294/00035.jpg,1,0.879262875,0.542513625,0.0841523375,0.1159875
GOPR8294/00035.jpg,2,0.8682816250000001,0.49510249999999995,0.02196915,0.0997783
