image,label,x,y,width,height
GOPR8291/00121.jpg,1,0.7055803125,0.5327060625000001,0.031386831250000004,0.07284574374999997
GOPR8291/00121.jpg,2,0.7039460625,0.5093528125000001,0.01432775625,0.0636756125
