image,label,x,y,width,height
GOPR8291/00123.jpg,1,0.9659219047619044,0.5722306666666667,0.06203897142857143,0.13900857142857145
GOPR8291/00123.jpg,2,0.961886619047619,0.5243178571428571,0.029723323809523805,0.1257351142857143
