image,label,x,y,width,height
GOPR8291/00075.jpg,1,0.9524464285714286,0.6344335714285715,0.0911536285714286,0.23491357142857144
GOPR8291/00075.jpg,2,0.9773464285714288,0.4770862857142858,0.042315671428571434,0.17018771428571425
