image,label,x,y,width,height
GOPR8291/00082.jpg,1,0.63611275,0.5382947499999999,0.04885965,0.056170299999999986
GOPR8291/00082.jpg,2,0.63497325,0.513804,0.011365425,0.05172155
