image,label,x,y,width,height
GOPR8294/00119.jpg,5,0.4552596666666667,0.5459440000000001,0.6927962000000001,0.7053180000000001
