image,label,x,y,width,height
GOPR8294/00105.jpg,1,0.400409,0.5434733888888889,0.051846088888888885,0.05998487777777777
GOPR8294/00105.jpg,2,0.39723633333333336,0.5180276666666667,0.013909516666666665,0.05793676666666666
