image,label,x,y,width,height
GOPR8291/00190.jpg,1,0.4908706190476191,0.5255658095238096,0.010258615714285716,0.040229238095238096
GOPR8291/00190.jpg,2,0.4912521904761905,0.5102607142857144,0.01053294,0.03291145714285715
