image,label,x,y,width,height
GOPR8291/00161.jpg,1,0.7620762857142857,0.5477015714285713,0.052244485714285714,0.08552042857142858
GOPR8291/00161.jpg,2,0.7582994285714285,0.5126362857142858,0.019041185714285716,0.07881714285714285
