image,label,x,y,width,height
GOPR8294/00193.jpg,1,0.7373993333333333,0.5327426666666666,0.018044541666666667,0.05686714166666665
GOPR8294/00193.jpg,2,0.7361788333333332,0.5014365833333332,0.018518258333333336,0.06233558333333334
