image,label,x,y,width,height
GOPR8294/00093.jpg,1,0.8852938333333333,0.5399375,0.07010618333333334,0.10560199999999996
GOPR8294/00093.jpg,2,0.8795151666666667,0.4945216666666666,0.02079981666666667,0.10008886666666666
