image,label,x,y,width,height
GOPR8294/00141.jpg,1,0.112369,0.5867672857142858,0.09175385714285714,0.163649
GOPR8294/00141.jpg,2,0.12472485714285715,0.5250308571428571,0.0274409,0.12799028571428572
