image,label,x,y,width,height
GOPR8294/00249.jpg,1,0.4374773333333333,0.5449862222222221,0.05060037777777779,0.05412407777777778
GOPR8294/00249.jpg,2,0.4375904444444445,0.5166802222222222,0.012130158888888888,0.0582855
