image,label,x,y,width,height
GOPR8291/00180.jpg,1,0.05044010416666666,0.5877699583333333,0.06175711250000001,0.213908125
GOPR8291/00180.jpg,1,0.8701006799999996,0.57513332,0.11245692,0.15299048
GOPR8291/00180.jpg,2,0.045903312500000015,0.5162403750000002,0.058680245833333325,0.19051104166666666
GOPR8291/00180.jpg,2,0.87081716,0.5178272,0.02764819600000001,0.13968051999999995
