image,label,x,y,width,height
GOPR8291/00117.jpg,1,0.3626815555555555,0.5264467777777777,0.016974700000000002,0.03653147777777778
GOPR8291/00117.jpg,2,0.3633793333333334,0.5073468888888889,0.0074704244444444455,0.029559255555555556
