image,label,x,y,width,height
GOPR8291/00157.jpg,1,0.97309075,0.6157623333333334,0.052572725,0.19065241666666666
GOPR8291/00157.jpg,2,0.9871845833333333,0.4824445,0.024772599999999995,0.11597391666666668
