image,label,x,y,width,height
GOPR8291/00201.jpg,1,0.7267223333333334,0.6194028333333333,0.247299,0.304063
GOPR8291/00201.jpg,2,0.7595218333333333,0.5117815,0.0560432,0.2475468333333333
