image,label,x,y,width,height
GOPR8291/00263.jpg,1,0.71839,0.5493331666666667,0.01972933333333333,0.07684948333333334
GOPR8291/00263.jpg,2,0.7157378333333333,0.5148924999999999,0.019417700000000003,0.07413623333333334
