image,label,x,y,width,height
GOPR8294/00095.jpg,1,0.7734388888888891,0.5315064999999999,0.049353705555555565,0.07886312222222222
GOPR8294/00095.jpg,2,0.7684592222222223,0.4989383333333334,0.015964977777777778,0.07076999999999999
