image,label,x,y,width,height
GOPR8291/00040.jpg,1,0.5260000476190476,0.5261362857142856,0.027832357142857145,0.03489049047619048
GOPR8291/00040.jpg,2,0.5240201904761905,0.5103997142857143,0.007886915238095241,0.031454538095238085
