image,label,x,y,width,height
GOPR8294/00054.jpg,1,0.6804142,0.522626,0.02356398,0.053894299999999985
GOPR8294/00054.jpg,2,0.6790638000000001,0.5028088000000001,0.010041288,0.04528148
