image,label,x,y,width,height
GOPR8291/00136.jpg,1,0.6551595,0.53295975,0.02210525,0.054775075000000006
GOPR8291/00136.jpg,2,0.65599275,0.5147710000000001,0.013721325,0.053348599999999996
