image,label,x,y,width,height
GOPR8294/00168.jpg,1,0.8413826315789472,0.5968204210526314,0.16025754736842107,0.22501152631578952
GOPR8294/00168.jpg,2,0.8683356315789472,0.5039018947368421,0.058071363157894726,0.2040233157894737
