image,label,x,y,width,height
GOPR8291/00048.jpg,1,0.5092498333333334,0.5567675,0.02120116666666667,0.11248783333333333
GOPR8291/00048.jpg,2,0.5091358333333335,0.5059125,0.02685586666666667,0.09860413333333333
