image,label,x,y,width,height
GOPR8291/00067.jpg,1,0.5402156666666666,0.5236073333333334,0.02936025,0.032992966666666665
GOPR8291/00067.jpg,2,0.5433690000000001,0.5101261666666667,0.006346335000000001,0.02840633333333334
