image,label,x,y,width,height
GOPR8294/00072.jpg,1,0.5805585000000001,0.5366318333333334,0.0259163,0.05648385
GOPR8294/00072.jpg,2,0.5780065,0.5118453333333334,0.019974016666666664,0.05531608333333333
