image,label,x,y,width,height
GOPR8294/00226.jpg,1,0.6160997500000001,0.52523625,0.01682185,0.04261835
GOPR8294/00226.jpg,2,0.61583125,0.50705275,0.0096695625,0.0389271
