image,label,x,y,width,height
GOPR8291/00122.jpg,1,0.8071093333333335,0.5467008888888889,0.05494412222222223,0.09632044444444443
GOPR8291/00122.jpg,2,0.8052311111111109,0.5112453333333333,0.016760055555555556,0.08290194444444443
