image,label,x,y,width,height
GOPR8291/00115.jpg,1,0.4537654285714286,0.520295,0.02919924285714285,0.040891228571428566
GOPR8291/00115.jpg,2,0.4503277142857143,0.5070584285714286,0.006656507142857143,0.02938977142857143
