image,label,x,y,width,height
GOPR8291/00098.jpg,1,0.3975295,0.5240907000000001,0.02632784,0.03476149
GOPR8291/00098.jpg,2,0.398424,0.5090498999999999,0.0075729690000000014,0.03501165
