image,label,x,y,width,height
GOPR8291/00099.jpg,1,0.4644513333333333,0.5247311666666666,0.03111621666666666,0.03311691666666667
GOPR8291/00099.jpg,2,0.4676373333333334,0.5086594999999999,0.007575436666666667,0.03004836666666667
