image,label,x,y,width,height
GOPR8291/00112.jpg,1,0.5809770000000001,0.52689,0.025302183333333332,0.033540000000000014
GOPR8291/00112.jpg,2,0.5785363333333333,0.5131783333333333,0.0074993733333333324,0.03248815
