image,label,x,y,width,height
GOPR8294/00130.jpg,1,0.40275520000000004,0.5330206000000001,0.011510499999999998,0.03844832
GOPR8294/00130.jpg,2,0.4040406,0.5156858,0.009380744,0.03268482
