image,label,x,y,width,height
GOPR8294/00217.jpg,1,0.6570692499999999,0.523759625,0.0150326875,0.0421703375
GOPR8294/00217.jpg,2,0.65526225,0.5037640000000001,0.010946347500000002,0.037457800000000006
