image,label,x,y,width,height
GOPR8291/00046.jpg,1,0.490391923076923,0.5362747307692307,0.014486239230769232,0.06477847692307692
GOPR8291/00046.jpg,2,0.49034799999999995,0.508991076923077,0.016072318076923074,0.05640393846153846
