image,label,x,y,width,height
GOPR8291/00039.jpg,1,0.590298375,0.5264802500000001,0.024165475,0.0345728625
GOPR8291/00039.jpg,2,0.587668375,0.5116,0.007773765,0.0325494125
