image,label,x,y,width,height
GOPR8294/00170.jpg,1,0.8534697857142858,0.5552117142857143,0.1039169714285714,0.12765728571428572
GOPR8294/00170.jpg,2,0.8491682857142856,0.4949433571428571,0.02509784285714286,0.12113221428571427
