image,label,x,y,width,height
GOPR8294/00134.jpg,1,0.7215410000000001,0.5225774999999999,0.03213685,0.0657422
GOPR8294/00134.jpg,2,0.7235755,0.49589,0.010579905,0.052419825
