image,label,x,y,width,height
GOPR8294/00167.jpg,1,0.666634142857143,0.5965395714285714,0.14916585714285713,0.21446371428571426
GOPR8294/00167.jpg,2,0.6595408571428572,0.508934,0.03403785714285714,0.17597514285714286
