image,label,x,y,width,height
GOPR8294/00007.jpg,1,0.94337675,0.5772944999999999,0.11251925,0.13169475
GOPR8294/00007.jpg,2,0.9331385,0.50993975,0.038387125,0.136569
