image,label,x,y,width,height
GOPR8294/00182.jpg,1,0.6432635999999999,0.5215460000000001,0.01356212,0.03816472
GOPR8294/00182.jpg,2,0.642385,0.5047967999999999,0.008250933999999998,0.03608446
