image,label,x,y,width,height
GOPR8291/00257.jpg,1,0.6759464000000001,0.5366199999999999,0.02522318,0.054818999999999986
GOPR8291/00257.jpg,2,0.6751416,0.5150005999999999,0.011042346000000001,0.04796026
