image,label,x,y,width,height
GOPR8294/00234.jpg,1,0.96861025,0.5430254999999999,0.061697925,0.12969125
GOPR8294/00234.jpg,2,0.969886,0.48962525,0.02502355,0.12524549999999998
