image,label,x,y,width,height
GOPR8294/00070.jpg,1,0.7133182857142858,0.525232619047619,0.03654907142857142,0.0646663476190476
GOPR8294/00070.jpg,2,0.7126613333333335,0.5005332380952381,0.014168642857142857,0.05717845238095238
