image,label,x,y,width,height
GOPR8294/00045.jpg,1,0.9811882857142856,0.5365995714285715,0.03560037142857144,0.13537214285714286
GOPR8294/00045.jpg,2,0.9967526666666666,0.51873,0.005982033333333334,0.0658481
