image,label,x,y,width,height
GOPR8291/00062.jpg,1,0.4916733333333333,0.5240045555555555,0.028341666666666668,0.03588212222222222
GOPR8291/00062.jpg,2,0.489782,0.5086121111111113,0.0074344055555555545,0.031555177777777776
