image,label,x,y,width,height
GOPR8294/00258.jpg,1,0.5542362500000001,0.52358475,0.027721875,0.033667225
GOPR8294/00258.jpg,2,0.55539275,0.508725,0.007085464999999998,0.03210825
