image,label,x,y,width,height
GOPR8294/00127.jpg,1,0.5285671666666666,0.5212811666666667,0.02842893333333333,0.03717619999999999
GOPR8294/00127.jpg,2,0.527837,0.5074831666666667,0.006793970000000001,0.0313659
