image,label,x,y,width,height
GOPR8291/00052.jpg,1,0.8282651428571429,0.5505631428571429,0.06199338571428571,0.09988192857142857
GOPR8291/00052.jpg,2,0.8182325714285715,0.5135315714285714,0.02001172857142857,0.09126037142857144
