image,label,x,y,width,height
GOPR8294/00183.jpg,1,0.6057507500000001,0.5218585,0.025398525,0.038704975
GOPR8294/00183.jpg,2,0.6045462500000001,0.50833075,0.0079240575,0.035650275
