image,label,x,y,width,height
GOPR8291/00264.jpg,1,0.6855498333333333,0.5356284166666666,0.02619455,0.059465441666666674
GOPR8291/00264.jpg,2,0.6827990833333333,0.5147155833333333,0.012991675,0.052608858333333335
