image,label,x,y,width,height
GOPR8294/00222.jpg,1,0.5218223999999999,0.5248361999999999,0.02290876,0.03553869999999999
GOPR8294/00222.jpg,2,0.5222372000000001,0.5093255999999999,0.00620891,0.03225056
