image,label,x,y,width,height
GOPR8294/00211.jpg,1,0.7661135714285715,0.5301294285714286,0.03617435714285715,0.07139157142857143
GOPR8294/00211.jpg,2,0.7640382857142859,0.496517,0.01784665714285714,0.07072068571428572
