image,label,x,y,width,height
GOPR8294/00069.jpg,1,0.7827951428571428,0.5292778571428571,0.046503928571428564,0.08221510000000001
GOPR8294/00069.jpg,2,0.779305,0.4959285714285714,0.015046657142857144,0.07654802857142858
