image,label,x,y,width,height
GOPR8291/00125.jpg,1,0.66359225,0.6672199999999999,0.309185,0.41122325
GOPR8291/00125.jpg,2,0.66245325,0.5372359999999999,0.08056795,0.369436
