image,label,x,y,width,height
GOPR8291/00160.jpg,1,0.8258869000000001,0.5524919,0.06821125,0.10126371
GOPR8291/00160.jpg,2,0.8232126000000001,0.5136868,0.02080157,0.09284737
