image,label,x,y,width,height
GOPR8294/00044.jpg,1,0.980941315789474,0.6409756842105263,0.03410123684210526,0.2719626315789474
GOPR8294/00044.jpg,5,0.645265,0.42961499999999997,0.0994318,0.23385799999999998
