image,label,x,y,width,height
GOPR8294/00106.jpg,1,0.35754600000000003,0.5434169999999999,0.021180625,0.05438655
GOPR8294/00106.jpg,2,0.353104,0.51636675,0.01361735,0.049613574999999986
