image,label,x,y,width,height
GOPR8294/00178.jpg,1,0.8331660833333333,0.5565774166666667,0.07638270833333333,0.13585325
GOPR8294/00178.jpg,2,0.8267791666666665,0.4961818333333334,0.027608516666666662,0.11927597499999998
