image,label,x,y,width,height
GOPR8291/00154.jpg,1,0.5748262000000001,0.5855186666666666,0.1012836,0.1961068
GOPR8291/00154.jpg,2,0.568483,0.5134082666666667,0.04254114,0.1635307333333333
