image,label,x,y,width,height
GOPR8291/00102.jpg,1,0.632867142857143,0.5271437142857143,0.01679174285714286,0.05190792857142856
GOPR8291/00102.jpg,2,0.6325347142857142,0.5085612857142856,0.010782944285714288,0.040653985714285724
