image,label,x,y,width,height
GOPR8291/00158.jpg,1,0.9736040000000001,0.5826060000000001,0.0479792,0.132217
GOPR8291/00158.jpg,2,0.980927,0.5049739999999999,0.0292926,0.137069
