image,label,x,y,width,height
GOPR8294/00089.jpg,1,0.25237600000000004,0.694635,0.3058813333333334,0.4556811666666666
GOPR8294/00089.jpg,2,0.2484908333333333,0.5335768333333334,0.07119204999999999,0.3879915
