image,label,x,y,width,height
GOPR8294/00144.jpg,1,0.39143057142857146,0.5307812380952383,0.01572092857142857,0.0414732380952381
GOPR8294/00144.jpg,2,0.3926933333333333,0.5162586190476189,0.00788013142857143,0.03496771428571429
