image,label,x,y,width,height
GOPR8294/00213.jpg,1,0.618147,0.5324116666666667,0.02684178333333333,0.05315303333333332
GOPR8294/00213.jpg,2,0.6176391666666666,0.5080426666666668,0.011023876666666666,0.04648593333333333
