image,label,x,y,width,height
GOPR8294/00147.jpg,1,0.5718002500000001,0.5199884499999999,0.028589089999999994,0.0377449
GOPR8294/00147.jpg,2,0.5732453000000001,0.5062426999999999,0.007136608000000002,0.030523685
