image,label,x,y,width,height
GOPR8294/00215.jpg,1,0.721008,0.534934,0.025362657142857143,0.05992594285714286
GOPR8294/00215.jpg,2,0.7226302857142858,0.5032438571428571,0.022620614285714286,0.05540044285714285
