image,label,x,y,width,height
GOPR8294/00110.jpg,1,0.39354,0.531831,0.0242695,0.0409465
GOPR8294/00110.jpg,2,0.394092,0.520932,0.00723182,0.034465800000000005
