image,label,x,y,width,height
GOPR8291/00100.jpg,1,0.5425294999999999,0.52423375,0.02827175,0.03799415
GOPR8291/00100.jpg,2,0.544622,0.5097094999999999,0.0088017325,0.033323900000000004
