image,label,x,y,width,height
GOPR8294/00161.jpg,1,0.52802325,0.53018125,0.0091668375,0.047214275000000014
GOPR8294/00161.jpg,2,0.52723125,0.5095605,0.012993149999999998,0.042593475
