image,label,x,y,width,height
GOPR8294/00196.jpg,1,0.6261197142857143,0.5208417142857142,0.019023957142857144,0.037800142857142865
GOPR8294/00196.jpg,2,0.6257571428571429,0.5045438571428571,0.007120349999999998,0.033369799999999984
