image,label,x,y,width,height
GOPR8294/00051.jpg,1,0.7960611428571428,0.5573299523809523,0.06353959047619047,0.12460238095238095
GOPR8294/00051.jpg,2,0.8071355714285714,0.5017554761904763,0.037401395238095235,0.10742622857142857
