image,label,x,y,width,height
GOPR8291/00024.jpg,1,0.3567341923076924,0.6666672692307691,0.3347302692307693,0.3956781923076923
GOPR8291/00024.jpg,2,0.3379326153846153,0.5218911923076923,0.07550245,0.4026022307692307
