image,label,x,y,width,height
GOPR8294/00148.jpg,1,0.6275193636363636,0.5184131818181817,0.01605495454545455,0.04439320909090909
GOPR8294/00148.jpg,2,0.6266072727272728,0.5022498181818181,0.007670382727272728,0.03417919090909091
