image,label,x,y,width,height
GOPR8294/00199.jpg,1,0.5344495,0.5288142499999999,0.00861593,0.04035105
GOPR8294/00199.jpg,2,0.5346489999999999,0.5125274999999999,0.013696775,0.040440525000000005
