image,label,x,y,width,height
GOPR8291/00124.jpg,1,0.9198069999999999,0.6313989999999999,0.140707,0.26298299999999997
GOPR8291/00124.jpg,2,0.917171,0.52231,0.0429827,0.22596999999999998
