image,label,x,y,width,height
GOPR8294/00121.jpg,1,0.7704199523809524,0.5526356666666666,0.03144877142857142,0.10344612380952382
GOPR8294/00121.jpg,2,0.7672723809523812,0.4999622857142857,0.029795638095238088,0.0970586
