image,label,x,y,width,height
GOPR8294/00111.jpg,1,0.4383125,0.52687325,0.03194215,0.03985759999999999
GOPR8294/00111.jpg,2,0.441722,0.5129852500000001,0.0070931575,0.031825625
