image,label,x,y,width,height
GOPR8294/00189.jpg,1,0.31130499999999994,0.5497824285714286,0.016896628571428568,0.06872194285714286
GOPR8294/00189.jpg,2,0.3114455714285715,0.5198635714285714,0.01752577142857143,0.06318994285714286
