image,label,x,y,width,height
GOPR8291/00251.jpg,1,0.3631415,0.5229428333333334,0.012561399999999999,0.0332597
GOPR8291/00251.jpg,2,0.36454783333333335,0.5043861666666667,0.008098563333333334,0.02888913333333333
