image,label,x,y,width,height
GOPR8294/00097.jpg,1,0.66478925,0.5300185000000001,0.052374625,0.06873237500000001
GOPR8294/00097.jpg,2,0.66228175,0.5040365,0.0121086375,0.058022975
