image,label,x,y,width,height
GOPR8291/00186.jpg,1,0.6517615,0.5315851666666667,0.02387185,0.04879425
GOPR8291/00186.jpg,2,0.650931,0.5133884999999999,0.013263950000000002,0.04261555
