image,label,x,y,width,height
GOPR8294/00172.jpg,1,0.67004275,0.57409625,0.044821425,0.15782225
GOPR8294/00172.jpg,2,0.66757625,0.50842025,0.046381425,0.14166874999999998
