image,label,x,y,width,height
GOPR8294/00041.jpg,1,0.20815614285714287,0.5702699047619046,0.05227218095238095,0.11220238095238096
GOPR8294/00041.jpg,2,0.20414366666666664,0.5216241904761906,0.020367533333333337,0.10036112857142854
