image,label,x,y,width,height
GOPR8291/00167.jpg,1,0.575098,0.5300756666666666,0.029334883333333325,0.04008263333333333
GOPR8291/00167.jpg,1,0.8606783333333335,0.5539150476190476,0.06699970476190475,0.11559757142857142
GOPR8291/00167.jpg,2,0.5737764444444445,0.513386,0.010457277777777779,0.03814875
GOPR8291/00167.jpg,2,0.8531164285714284,0.5102040952380952,0.024749928571428572,0.09989449523809524
