image,label,x,y,width,height
GOPR8291/00250.jpg,1,0.35229376190476186,0.5239019047619047,0.013850057142857142,0.04206515238095238
GOPR8291/00250.jpg,2,0.3523611904761905,0.5071883333333332,0.00810595142857143,0.036213557142857136
