image,label,x,y,width,height
GOPR8291/00113.jpg,1,0.5178724285714286,0.5239981428571429,0.02839888571428572,0.03401024285714286
GOPR8291/00113.jpg,2,0.5164697142857143,0.5096674285714285,0.006070392857142857,0.029579614285714286
