image,label,x,y,width,height
GOPR8291/00213.jpg,1,0.5553363499999999,0.5242462999999999,0.028951765,0.03828589
GOPR8291/00213.jpg,2,0.554504,0.5103772,0.007884862999999999,0.03271514499999999
