image,label,x,y,width,height
GOPR8291/00059.jpg,1,0.62313675,0.5284035,0.017121149999999998,0.04529880000000001
GOPR8291/00059.jpg,2,0.6221165,0.511498,0.011283592500000002,0.041202575
