image,label,x,y,width,height
GOPR8294/00255.jpg,1,0.39044066666666666,0.5332121666666666,0.014167683333333337,0.037357883333333335
GOPR8294/00255.jpg,2,0.3910416666666667,0.5157031666666666,0.008783205,0.03211161666666667
