image,label,x,y,width,height
GOPR8291/00155.jpg,1,0.6895849999999999,0.6179364999999999,0.17463440000000002,0.23785699999999996
GOPR8291/00155.jpg,2,0.6809993999999999,0.5233648499999999,0.04132116,0.2180366
