image,label,x,y,width,height
GOPR8291/00147.jpg,1,0.4906495,0.53750625,0.011505525,0.05756285
GOPR8291/00147.jpg,2,0.4910047500000001,0.5129845000000001,0.017318375,0.054980175
