image,label,x,y,width,height
GOPR8291/00143.jpg,1,0.3785415,0.5243022500000001,0.025301025,0.031126499999999998
GOPR8291/00143.jpg,2,0.38154575,0.511096,0.0061382925,0.033191625
