image,label,x,y,width,height
GOPR8291/00162.jpg,1,0.7176985,0.5455145,0.042814425,0.065684875
GOPR8291/00162.jpg,2,0.714069,0.51453225,0.015050025000000003,0.06079995
