image,label,x,y,width,height
GOPR8291/00202.jpg,5,0.4980603333333333,0.5723999999999999,0.6898991333333333,0.695337
