image,label,x,y,width,height
GOPR8291/00045.jpg,1,0.10947799999999999,0.47015100000000004,0.024892700000000004,0.0660877
GOPR8291/00045.jpg,1,0.4904095,0.5326872500000001,0.012721559166666669,0.06739097499999999
GOPR8291/00045.jpg,2,0.112456,0.45899300000000004,0.0101238,0.0529274
GOPR8291/00045.jpg,2,0.4899925833333333,0.5094058333333332,0.015972133333333333,0.05309261666666668
