image,label,x,y,width,height
GOPR8291/00131.jpg,1,0.4092294,0.5228728,0.02967877,0.037821085
GOPR8291/00131.jpg,2,0.4117241,0.50796555,0.007274278999999998,0.032670729999999995
