image,label,x,y,width,height
GOPR8294/00005.jpg,1,0.7343848571428572,0.5584854285714286,0.07395995714285716,0.09790432857142856
GOPR8294/00005.jpg,2,0.7296281428571428,0.5118888571428571,0.021790914285714287,0.09585678571428573
