image,label,x,y,width,height
GOPR8291/00215.jpg,1,0.4665765,0.5231171666666666,0.023844683333333342,0.03633396666666667
GOPR8291/00215.jpg,2,0.4656474166666667,0.5084713333333334,0.006157039166666665,0.03145145
