image,label,x,y,width,height
GOPR8291/00146.jpg,1,0.4854939999999999,0.5297526666666666,0.010708165,0.049788099999999995
GOPR8291/00146.jpg,2,0.485521,0.5118631666666668,0.013441166666666664,0.04568460000000001
