image,label,x,y,width,height
GOPR8294/00049.jpg,1,0.51796925,0.54536625,0.0211821,0.078827225
GOPR8294/00049.jpg,2,0.51680925,0.51252875,0.02311085,0.073300525
