image,label,x,y,width,height
GOPR8294/00259.jpg,1,0.6178220000000001,0.5236245714285714,0.021948685714285716,0.03494534285714286
GOPR8294/00259.jpg,2,0.6189881428571429,0.5084805714285715,0.0065353842857142855,0.03272122857142857
