image,label,x,y,width,height
GOPR8291/00222.jpg,1,0.5189546999999999,0.5343391000000001,0.03024922,0.05428719
GOPR8291/00222.jpg,2,0.5191633999999999,0.5130024000000001,0.010353456,0.048743850000000005
