image,label,x,y,width,height
GOPR8291/00210.jpg,1,0.6704177499999999,0.53263925,0.026256900000000003,0.06001495
GOPR8291/00210.jpg,2,0.6680590000000001,0.513931,0.013759149999999998,0.055538425
