image,label,x,y,width,height
GOPR8294/00254.jpg,1,0.3804030000000001,0.533704,0.009460509999999998,0.036524275
GOPR8294/00254.jpg,2,0.3808835,0.51734625,0.00987791,0.0372647
