image,label,x,y,width,height
GOPR8294/00048.jpg,1,0.61497575,0.5348375,0.05229255,0.06497577500000001
GOPR8294/00048.jpg,2,0.6122602500000001,0.50811975,0.010504395,0.061844675
