image,label,x,y,width,height
GOPR8291/00041.jpg,1,0.48541975,0.5260717500000001,0.0100387175,0.040533625
GOPR8291/00041.jpg,2,0.48613725,0.51342225,0.0127527,0.037120675
