image,label,x,y,width,height
GOPR8294/00088.jpg,1,0.056913875,0.62614525,0.06020275,0.20782375
GOPR8294/00088.jpg,2,0.0498323,0.5353515,0.044591875,0.175628
