image,label,x,y,width,height
GOPR8291/00054.jpg,1,0.6566487999999999,0.5350689999999999,0.04464648,0.05290134
GOPR8291/00054.jpg,2,0.6528018000000001,0.5128106,0.010856439999999998,0.04881438
