image,label,x,y,width,height
GOPR8291/00074.jpg,1,0.39909425,0.67208775,0.32571825,0.42710175
GOPR8291/00074.jpg,2,0.40942775,0.52206725,0.08116035,0.4050072499999999
