image,label,x,y,width,height
GOPR8294/00125.jpg,1,0.62247075,0.5202479999999999,0.027536875,0.0392056
GOPR8294/00125.jpg,2,0.618097,0.50651,0.0064873875,0.03184325
