image,label,x,y,width,height
GOPR8291/00032.jpg,1,0.3712308888888888,0.6631025555555555,0.2897977777777778,0.3549361111111111
GOPR8291/00032.jpg,2,0.3735306666666667,0.5344576666666667,0.05925664444444445,0.35208211111111104
