image,label,x,y,width,height
GOPR8291/00128.jpg,1,0.18068125,0.54954825,0.058409825,0.109662875
GOPR8291/00128.jpg,2,0.188183875,0.5072471249999999,0.0231890125,0.086696975
