image,label,x,y,width,height
GOPR8291/00034.jpg,1,0.9840030000000001,0.5683315,0.029935975,0.13736225
GOPR8291/00034.jpg,2,0.9926965,0.51559625,0.01392645,0.1418625
