image,label,x,y,width,height
GOPR8291/00239.jpg,1,0.5044004210526316,0.5342811052631578,0.052296973684210525,0.06525054736842106
GOPR8291/00239.jpg,2,0.5038956842105263,0.5098688947368423,0.012949827368421051,0.05652987368421052
