image,label,x,y,width,height
GOPR8291/00049.jpg,1,0.5610263333333334,0.6063772222222222,0.12306511111111113,0.2259596666666667
GOPR8291/00049.jpg,2,0.5515787777777779,0.5103640000000002,0.0451947,0.18314833333333336
