image,label,x,y,width,height
GOPR8294/00225.jpg,1,0.6259171428571428,0.5220724761904764,0.014003733333333334,0.03617225714285715
GOPR8294/00225.jpg,2,0.6243211904761905,0.5061001428571428,0.00921619238095238,0.03292401904761904
