image,label,x,y,width,height
GOPR8294/00251.jpg,1,0.3552706,0.5426740000000001,0.01687284,0.05096674
GOPR8294/00251.jpg,2,0.35429959999999994,0.5149476,0.012349574,0.04389216
