image,label,x,y,width,height
GOPR8291/00192.jpg,1,0.4896833478260868,0.530197652173913,0.013846390434782613,0.061961852173913035
GOPR8291/00192.jpg,2,0.4899,0.5091177391304348,0.014228073913043475,0.052659230434782614
