image,label,x,y,width,height
GOPR8291/00144.jpg,1,0.4427741666666667,0.5227223333333334,0.023586593333333333,0.032974733333333325
GOPR8291/00144.jpg,2,0.4437402500000001,0.5104305833333335,0.008465645833333334,0.030566249999999993
