image,label,x,y,width,height
GOPR8291/00243.jpg,1,0.50699925,0.53674475,0.051315,0.06368365
GOPR8291/00243.jpg,2,0.5066342500000001,0.51101375,0.013990375,0.057410625
