image,label,x,y,width,height
GOPR8294/00153.jpg,1,0.4676357142857143,0.5614982857142856,0.08814257142857143,0.10208548571428573
GOPR8294/00153.jpg,2,0.4569107142857144,0.5134012857142857,0.02308115714285714,0.09417142857142856
