image,label,x,y,width,height
GOPR8291/00129.jpg,1,0.3060571666666666,0.5317710000000001,0.01739338333333333,0.054697350000000006
GOPR8291/00129.jpg,2,0.30806350000000005,0.5045788333333333,0.01473745,0.04936081666666667
