image,label,x,y,width,height
GOPR8291/00248.jpg,1,0.33323781818181825,0.5265684545454546,0.013675,0.046819945454545465
GOPR8291/00248.jpg,2,0.3332202727272727,0.5065314545454546,0.009839469090909093,0.03956902727272727
