image,label,x,y,width,height
GOPR8291/00101.jpg,1,0.6013128571428571,0.5250825714285715,0.01336107142857143,0.03851502857142857
GOPR8291/00101.jpg,2,0.6011718571428571,0.5083607142857142,0.008096808571428572,0.030580357142857145
