image,label,x,y,width,height
GOPR8294/00159.jpg,1,0.485327238095238,0.5250041904761904,0.025644809523809525,0.03865788095238095
GOPR8294/00159.jpg,2,0.4867401428571427,0.5114158571428571,0.008715119047619044,0.0346912761904762
