image,label,x,y,width,height
GOPR8294/00244.jpg,1,0.5417907307692308,0.5376317307692309,0.04658367307692308,0.061170465384615375
GOPR8294/00244.jpg,2,0.5434054999999999,0.5102490769230771,0.012921158846153843,0.05552636538461539
