image,label,x,y,width,height
GOPR8291/00194.jpg,1,0.4912748235294117,0.5335261764705883,0.016071217647058825,0.07320061764705882
GOPR8291/00194.jpg,2,0.4916965882352942,0.5083204117647059,0.01751905294117647,0.05696878235294117
