image,label,x,y,width,height
GOPR8291/00214.jpg,1,0.494507,0.52356,0.028650099999999998,0.0369848
GOPR8291/00214.jpg,2,0.49353,0.5093949999999999,0.0074881,0.032263400000000005
