image,label,x,y,width,height
GOPR8294/00109.jpg,1,0.379625,0.533542,0.0149531,0.0440283
GOPR8294/00109.jpg,2,0.38004499999999997,0.515347,0.0135512,0.0426805
