image,label,x,y,width,height
GOPR8291/00089.jpg,1,0.54344325,0.5359262499999999,0.05069645,0.058386175
GOPR8291/00089.jpg,2,0.54072575,0.5137815,0.0116699,0.0533466
