image,label,x,y,width,height
GOPR8291/00261.jpg,1,0.7808525,0.58139975,0.11330375,0.20085175
GOPR8291/00261.jpg,2,0.7638657499999999,0.5084534999999999,0.04149275,0.16186725000000002
