image,label,x,y,width,height
GOPR8291/00258.jpg,1,0.7426845000000001,0.5419212499999999,0.0470615,0.07976549999999999
GOPR8291/00258.jpg,2,0.7445944999999999,0.51096475,0.013944899999999998,0.069401375
