image,label,x,y,width,height
GOPR8291/00254.jpg,1,0.5542103181818181,0.5216584999999999,0.0290856,0.037830450000000015
GOPR8291/00254.jpg,2,0.5552554090909089,0.5086679545454544,0.007699833636363634,0.03252716363636363
