image,label,x,y,width,height
GOPR8291/00140.jpg,1,0.308141,0.53687725,0.0204223,0.060790675
GOPR8291/00140.jpg,2,0.3062565,0.50821025,0.0203508,0.06002725
