image,label,x,y,width,height
GOPR8291/00209.jpg,1,0.6694635625,0.5413700625,0.036859731249999986,0.0702464375
GOPR8291/00209.jpg,2,0.673044625,0.51392125,0.020874850000000004,0.06306530625
