image,label,x,y,width,height
GOPR8291/00043.jpg,1,0.4896455,0.53682775,0.01456245,0.0576294
GOPR8291/00043.jpg,2,0.48962425,0.5141152499999999,0.017246650000000002,0.053966925
