image,label,x,y,width,height
GOPR8294/00073.jpg,1,0.6689166,0.5367616999999999,0.0566071,0.06974024999999999
GOPR8294/00073.jpg,2,0.6771583999999999,0.5045702,0.017023570000000002,0.05916727999999999
