image,label,x,y,width,height
GOPR8291/00069.jpg,1,0.583298,0.527802,0.0156904,0.04221130000000001
GOPR8291/00069.jpg,2,0.584379,0.5108,0.00655512,0.0340036
