image,label,x,y,width,height
GOPR8291/00094.jpg,1,0.3256798,0.5289695,0.017300329999999996,0.049486835
GOPR8291/00094.jpg,2,0.3271018,0.5077176999999999,0.011245499499999995,0.045480210000000014
