image,label,x,y,width,height
GOPR8294/00203.jpg,1,0.5466968181818181,0.5376560909090908,0.013429327272727273,0.06124111818181819
GOPR8294/00203.jpg,2,0.5467090909090909,0.5106619090909091,0.016644790909090906,0.05773936363636365
