image,label,x,y,width,height
GOPR8291/00193.jpg,1,0.4920327142857142,0.535855,0.017082119047619047,0.06806637142857143
GOPR8291/00193.jpg,2,0.4927537272727274,0.5073830454545454,0.016066326818181816,0.05515303227272728
