image,label,x,y,width,height
GOPR8291/00152.jpg,1,0.556345,0.5843922500000001,0.0571593,0.1819405
GOPR8291/00152.jpg,2,0.5537067499999999,0.5110174999999999,0.047510025,0.15220775
