image,label,x,y,width,height
GOPR8294/00086.jpg,1,0.4172396190476192,0.5484113333333333,0.0648436142857143,0.0911364380952381
GOPR8294/00086.jpg,2,0.4145141904761904,0.5172419999999999,0.015188961904761903,0.0784288
