image,label,x,y,width,height
GOPR8291/00197.jpg,1,0.491709,0.534216,0.019960299999999997,0.0733408
GOPR8291/00197.jpg,2,0.49221800000000004,0.50549,0.021486,0.0574503
