image,label,x,y,width,height
GOPR8294/00128.jpg,1,0.4997634285714286,0.5242057142857144,0.02955398571428572,0.037352900000000015
GOPR8294/00128.jpg,2,0.4963578571428572,0.511609,0.00722552857142857,0.033826428571428584
