image,label,x,y,width,height
GOPR8294/00208.jpg,1,0.91750125,0.62271575,0.16315475,0.30446425
GOPR8294/00208.jpg,2,0.9442775,0.505162,0.073163125,0.25685925
