image,label,x,y,width,height
GOPR8291/00076.jpg,1,0.976403,0.5662934285714286,0.044687085714285715,0.12423757142857145
GOPR8291/00076.jpg,2,0.9872687142857144,0.5078591428571428,0.023769428571428573,0.11695615714285712
