image,label,x,y,width,height
GOPR8294/00113.jpg,1,0.5804861666666666,0.5202288333333334,0.02924416666666667,0.0391991
GOPR8294/00113.jpg,2,0.5819066666666667,0.5036411666666667,0.007604568333333333,0.02985055
