image,label,x,y,width,height
GOPR8291/00159.jpg,1,0.913596,0.5673205000000001,0.08319045,0.11621499999999997
GOPR8291/00159.jpg,2,0.9044139999999999,0.5191539999999999,0.024984325,0.100823775
