image,label,x,y,width,height
GOPR8294/00080.jpg,1,0.513129,0.5243217499999999,0.0113913475,0.03792195
GOPR8294/00080.jpg,2,0.512054,0.5079212500000001,0.00921401,0.02852805
