image,label,x,y,width,height
GOPR8294/00146.jpg,1,0.503918,0.52345725,0.029737775,0.0392687
GOPR8294/00146.jpg,2,0.50645925,0.5102225,0.006150885000000001,0.033010225
