image,label,x,y,width,height
GP018291/00262.jpg,1,0.9950889999999999,0.674588,0.00966441,0.023363400000000003
GP018291/00262.jpg,5,0.427612,0.6530885000000001,0.5228321,0.5403071999999999
