image,label,x,y,width,height
GP018291/00267.jpg,1,0.55864475,0.5391020000000001,0.040601375,0.07206885
GP018291/00267.jpg,2,0.5565255,0.5116015,0.020969925,0.0602929
