image,label,x,y,width,height
GP018291/00156.jpg,1,0.654295,0.5328964444444444,0.023581866666666663,0.05266767777777778
GP018291/00156.jpg,2,0.6542431111111111,0.5123298888888889,0.01166412,0.04539602222222223
