image,label,x,y,width,height
GP018291/00009.jpg,1,0.659575,0.5310308571428571,0.044476199999999994,0.06411595714285714
GP018291/00009.jpg,2,0.6612755714285713,0.505675,0.0147769,0.055595628571428565
