image,label,x,y,width,height
GP018291/00163.jpg,1,0.6935922499999999,0.5354285,0.0267899,0.06523647499999999
GP018291/00163.jpg,2,0.69148875,0.50963625,0.013917025,0.05978345
