image,label,x,y,width,height
GP018291/00137.jpg,1,0.6158939999999999,0.5389010000000001,0.047718049999999984,0.058047083333333326
GP018291/00137.jpg,2,0.6146995000000001,0.5112058333333332,0.01232988,0.053811233333333326
