image,label,x,y,width,height
GP018291/00263.jpg,1,0.9211950000000001,0.5588465,0.08803654999999999,0.12629249999999995
GP018291/00263.jpg,2,0.9095695,0.5115514999999999,0.025978725,0.11473299999999999
