image,label,x,y,width,height
GP018291/00083.jpg,1,0.823659,0.550369,0.0568034,0.0980855
GP018291/00083.jpg,2,0.825982,0.519275,0.0133034,0.092524
