image,label,x,y,width,height
GP018291/00237.jpg,1,0.3471317142857143,0.5243034285714286,0.017789423809523808,0.044307547619047635
GP018291/00237.jpg,2,0.3448109047619048,0.5046335714285713,0.009298421904761905,0.037863828571428566
