image,label,x,y,width,height
GP018291/00178.jpg,1,0.3365262083333333,0.6831768333333331,0.29968620833333337,0.4073352916666668
GP018291/00178.jpg,2,0.29783670833333337,0.53133225,0.09102625,0.4115090416666665
