image,label,x,y,width,height
GP018291/00147.jpg,1,0.3346715,0.53409025,0.027137425,0.05195075
GP018291/00147.jpg,2,0.33069975,0.5104390000000001,0.013278899999999998,0.0509909
