image,label,x,y,width,height
GP018291/00167.jpg,1,0.499312,0.52392525,0.026946887499999995,0.036741400000000014
GP018291/00167.jpg,2,0.49818025,0.50791975,0.0070507025,0.0328940625
