image,label,x,y,width,height
GP018291/00090.jpg,1,0.2995078571428572,0.5327175714285713,0.022422185714285718,0.059765971428571436
GP018291/00090.jpg,2,0.30157757142857144,0.506309,0.014204214285714287,0.05655951428571428
