image,label,x,y,width,height
GP018291/00133.jpg,1,0.7955082500000001,0.5529182500000001,0.056293275,0.087955825
GP018291/00133.jpg,2,0.79149275,0.514614,0.0211993,0.0866026
