image,label,x,y,width,height
GP018291/00071.jpg,1,0.7188798000000001,0.5374448000000001,0.03912438,0.06962769999999999
GP018291/00071.jpg,1,0.986283,0.6076753333333333,0.0261886,0.16751866666666668
GP018291/00071.jpg,2,0.7207642000000001,0.5073344,0.01233816,0.06420358
