image,label,x,y,width,height
GP018291/00063.jpg,1,0.3184846666666667,0.5306700000000001,0.01752606666666667,0.053864600000000006
GP018291/00063.jpg,1,0.8335725,0.6240042499999999,0.2207565,0.30240525
GP018291/00063.jpg,2,0.3207093333333333,0.5086236666666667,0.010157783333333332,0.05136526666666666
GP018291/00063.jpg,2,0.8268549999999999,0.5167867500000001,0.047858775,0.25040999999999997
