image,label,x,y,width,height
GP018291/00022.jpg,1,0.49815699999999996,0.5230865,0.030428500000000004,0.039317475000000005
GP018291/00022.jpg,2,0.49937175,0.509778,0.00917405,0.0359537
