image,label,x,y,width,height
GP018291/00169.jpg,1,0.4171165,0.5234544999999999,0.027533625,0.0342108
GP018291/00169.jpg,2,0.41438100000000005,0.51008125,0.005607249999999999,0.02925385
