image,label,x,y,width,height
GP018291/00170.jpg,1,0.3717622,0.5256846000000001,0.009780922,0.029678920000000008
GP018291/00170.jpg,2,0.3731644,0.5080856,0.008799928,0.0257221
