image,label,x,y,width,height
GP018291/00045.jpg,1,0.7505543333333334,0.6414776666666667,0.2174778333333333,0.25675766666666666
GP018291/00045.jpg,2,0.7327896666666666,0.514822,0.05971683333333332,0.2483126666666667
