image,label,x,y,width,height
GP018291/00093.jpg,1,0.3949969545454545,0.5236262272727272,0.028944340909090906,0.03816480909090909
GP018291/00093.jpg,2,0.3971675454545455,0.5093092272727272,0.008269447727272727,0.03693869545454545
