image,label,x,y,width,height
GP018291/00070.jpg,1,0.6498454,0.5310632,0.0222623,0.05254752
GP018291/00070.jpg,1,0.9269604,0.6150386,0.110098,0.23329060000000004
GP018291/00070.jpg,2,0.6500601999999999,0.5080500000000001,0.010260266,0.041717000000000004
GP018291/00070.jpg,2,0.9433354,0.5128762,0.04259016,0.2028326
