image,label,x,y,width,height
GP018291/00135.jpg,1,0.712484,0.538929,0.0425434,0.0796878
GP018291/00135.jpg,2,0.710663,0.514976,0.021655,0.0787665
