image,label,x,y,width,height
GP018291/00120.jpg,1,0.5078068947368422,0.5235185789473684,0.02771050526315789,0.03794182105263159
GP018291/00120.jpg,2,0.5096998947368422,0.5104799473684212,0.0076458721052631564,0.036079894736842116
