image,label,x,y,width,height
GP018291/00075.jpg,1,0.04293956666666667,0.6197048333333334,0.08472746666666668,0.2487978333333333
GP018291/00075.jpg,2,0.032814466666666674,0.5226193333333333,0.06470756666666666,0.2072151666666667
