image,label,x,y,width,height
GP018291/00122.jpg,1,0.5987157142857144,0.5252395714285715,0.008164261428571429,0.03852528571428571
GP018291/00122.jpg,2,0.5989484285714285,0.5118307142857142,0.01117265142857143,0.03428098571428572
