image,label,x,y,width,height
GP018291/00049.jpg,1,0.7407641428571429,0.6406811428571428,0.1979682857142857,0.2530765714285714
GP018291/00049.jpg,2,0.7355317142857142,0.5189254285714286,0.062446914285714285,0.2425431428571429
