image,label,x,y,width,height
GP018291/00077.jpg,1,0.2496887777777778,0.5416761111111111,0.034394222222222215,0.07363765555555556
GP018291/00077.jpg,2,0.2538146666666667,0.5039974444444444,0.016758722222222223,0.07245167777777778
