image,label,x,y,width,height
GP018291/00056.jpg,1,0.15217310526315786,0.5517928421052631,0.05161682631578948,0.11722194736842108
GP018291/00056.jpg,1,0.7908345000000001,0.63230465,0.2011979,0.24862554999999995
GP018291/00056.jpg,2,0.14770784210526314,0.5086036842105264,0.02218014736842106,0.11173004210526316
GP018291/00056.jpg,2,0.7985824499999999,0.51734735,0.05019143,0.24901665
