image,label,x,y,width,height
GP018291/00207.jpg,1,0.8681688,0.5968921999999999,0.113212,0.16459300000000002
GP018291/00207.jpg,2,0.8603121999999999,0.5217989999999999,0.03641144,0.16430160000000002
