image,label,x,y,width,height
GP018291/00081.jpg,1,0.6305424285714286,0.5324081428571428,0.031327485714285716,0.05192997142857144
GP018291/00081.jpg,2,0.6317568571428571,0.5119925714285715,0.011204877142857143,0.04758772857142857
