image,label,x,y,width,height
GP018291/00200.jpg,1,0.508101,0.5481689999999999,0.021187099999999997,0.0896171
GP018291/00200.jpg,2,0.5072180000000001,0.515096,0.024718200000000003,0.0860609
