image,label,x,y,width,height
GP018291/00166.jpg,1,0.5619206666666666,0.5265953333333333,0.028870291666666662,0.036231983333333335
GP018291/00166.jpg,2,0.5597614166666667,0.5099306666666668,0.007723413333333334,0.035057808333333336
