image,label,x,y,width,height
GP018291/00221.jpg,1,0.8914395333333333,0.587104,0.10986776666666667,0.15931662666666666
GP018291/00221.jpg,2,0.9064296000000002,0.5102304000000001,0.040025920000000006,0.1749960866666667
