image,label,x,y,width,height
GP018291/00026.jpg,1,0.6750837142857143,0.535916,0.0229449,0.05585271428571429
GP018291/00026.jpg,2,0.6760085714285714,0.5143275714285714,0.013386928571428569,0.05178945714285714
