image,label,x,y,width,height
GP018291/00211.jpg,1,0.6206662500000001,0.6345317500000001,0.22439475000000006,0.3008535
GP018291/00211.jpg,2,0.6092029999999999,0.5270279999999999,0.055547075,0.27896575
