image,label,x,y,width,height
GP018291/00065.jpg,1,0.3724313333333333,0.5236636666666666,0.0232621,0.0348528
GP018291/00065.jpg,1,0.83078125,0.62227925,0.2261245,0.29954200000000003
GP018291/00065.jpg,2,0.3740123333333333,0.509315,0.007817553333333333,0.03281966666666667
GP018291/00065.jpg,2,0.8238745000000001,0.5177595,0.041427675,0.24576550000000003
