image,label,x,y,width,height
GP018291/00027.jpg,1,0.6746285714285715,0.54527,0.0338255,0.06781978571428572
GP018291/00027.jpg,2,0.6782304285714286,0.5113822857142856,0.019552657142857144,0.06494789999999999
