image,label,x,y,width,height
GP018291/00153.jpg,1,0.4994505714285714,0.5223921428571429,0.02671917142857144,0.03701164285714286
GP018291/00153.jpg,2,0.5015935714285714,0.5080277142857142,0.007750560000000002,0.033426585714285716
