image,label,x,y,width,height
GP018291/00258.jpg,1,0.5018770952380952,0.5345844761904762,0.01780293333333333,0.07249755714285715
GP018291/00258.jpg,2,0.5027179047619048,0.5080607142857143,0.0176007,0.05792853809523809
