image,label,x,y,width,height
GP018291/00224.jpg,1,0.5793521428571429,0.5299005714285714,0.041102528571428584,0.04418304285714286
GP018291/00224.jpg,2,0.5763238571428572,0.5103185714285715,0.00970983,0.04014968571428572
