image,label,x,y,width,height
GP018291/00179.jpg,1,0.023900225,0.6043955,0.0474523,0.21870525
GP018291/00179.jpg,2,0.020799675,0.5207970000000001,0.040363375000000014,0.21132725
