image,label,x,y,width,height
GP018291/00187.jpg,1,0.6243677272727273,0.5314207272727273,0.01822511818181818,0.04364753636363637
GP018291/00187.jpg,2,0.6244553636363636,0.5113588181818182,0.010529526363636363,0.04006193636363636
