image,label,x,y,width,height
GP018291/00152.jpg,1,0.42554849999999994,0.5224630000000001,0.028942,0.0410043
GP018291/00152.jpg,2,0.42755025,0.5076620000000001,0.00757075,0.036826099999999994
