image,label,x,y,width,height
GP018291/00078.jpg,1,0.32479475,0.5287890000000001,0.032010125,0.056108000000000005
GP018291/00078.jpg,2,0.32813675,0.50582375,0.0109168,0.054641975
