image,label,x,y,width,height
GP018291/00231.jpg,1,0.6859355714285715,0.5370294285714287,0.027849442857142852,0.05946604285714286
GP018291/00231.jpg,2,0.6827310000000001,0.5118752857142856,0.01153029,0.05477378571428571
