image,label,x,y,width,height
GP018291/00042.jpg,1,0.5515851904761905,0.5937528095238096,0.08650690476190477,0.17716833333333332
GP018291/00042.jpg,2,0.5439313809523808,0.5081260000000001,0.04794320476190477,0.16618414285714286
