image,label,x,y,width,height
GP018291/00173.jpg,1,0.6241899999999999,0.530327,0.0382456,0.0532669
GP018291/00173.jpg,2,0.626596,0.517775,0.00911815,0.05510369999999999
