image,label,x,y,width,height
GP018291/00216.jpg,1,0.7676465,0.6256745,0.24937425,0.33592825
GP018291/00216.jpg,2,0.7535700000000001,0.5230377500000001,0.05580535,0.299181
