image,label,x,y,width,height
GP018291/00086.jpg,1,0.49015675,0.67416875,0.3466625,0.39682575
GP018291/00086.jpg,2,0.4816745,0.5313140000000001,0.08832410000000002,0.4356975
