image,label,x,y,width,height
GP018291/00019.jpg,1,0.344898,0.529062,0.0145315,0.0286168
GP018291/00019.jpg,2,0.345539,0.5091720000000001,0.00619724,0.0345198
