image,label,x,y,width,height
GP018291/00048.jpg,1,0.7878925714285713,0.5980664285714286,0.1325272714285714,0.178514
GP018291/00048.jpg,2,0.7829796428571428,0.5088002857142857,0.03579887142857143,0.15584697857142854
