image,label,x,y,width,height
GP018291/00195.jpg,1,0.38760577777777777,0.5245904444444445,0.02397592222222222,0.03506734444444445
GP018291/00195.jpg,2,0.3894104444444444,0.5107288888888889,0.007410393333333334,0.032590211111111114
