image,label,x,y,width,height
GP018291/00247.jpg,1,0.982072,0.6157115,0.03358065,0.20755225
GP018291/00247.jpg,2,0.98900475,0.46346125,0.019806875,0.125581
