image,label,x,y,width,height
GP018291/00265.jpg,1,0.6817264999999999,0.5358175000000001,0.04344821666666667,0.055702966666666666
GP018291/00265.jpg,2,0.679784,0.5106318333333334,0.012122026666666669,0.0551115
