image,label,x,y,width,height
GP018291/00124.jpg,1,0.5298961666666666,0.5342945,0.029036033333333336,0.05528325
GP018291/00124.jpg,2,0.5291589999999999,0.5102140000000001,0.011168186666666668,0.04877665
