image,label,x,y,width,height
GP018291/00082.jpg,1,0.7105056000000001,0.541374,0.0361156,0.06247829999999999
GP018291/00082.jpg,2,0.7121174,0.5162344,0.01187332,0.05964860000000001
