image,label,x,y,width,height
GP018291/00242.jpg,1,0.4648563333333333,0.5415186666666666,0.054100666666666665,0.07149091666666668
GP018291/00242.jpg,2,0.4600815,0.5159125,0.013558483333333336,0.06952638333333334
