image,label,x,y,width,height
GP018291/00067.jpg,1,0.49134875,0.5243017499999999,0.026116800000000003,0.034250499999999996
GP018291/00067.jpg,1,0.8374337500000001,0.6291654999999999,0.22775325,0.29786100000000004
GP018291/00067.jpg,2,0.49343525,0.5090615000000001,0.0066098625,0.031304824999999994
GP018291/00067.jpg,2,0.8245885000000001,0.51950975,0.043486475,0.24580575
