image,label,x,y,width,height
GP018291/00199.jpg,1,0.492486,0.538828,0.013042400000000001,0.0504282
GP018291/00199.jpg,2,0.493896,0.512664,0.0139236,0.057602099999999996
