image,label,x,y,width,height
GP018291/00139.jpg,1,0.5032409999999999,0.53813175,0.054431425,0.063458825
GP018291/00139.jpg,2,0.50174975,0.51198475,0.012220899999999998,0.061793125
