image,label,x,y,width,height
GP018291/00201.jpg,1,0.52735725,0.56981825,0.039299425,0.13545374999999998
GP018291/00201.jpg,2,0.53150625,0.52028,0.03805225,0.12911024999999998
