image,label,x,y,width,height
GP018291/00096.jpg,1,0.49228675,0.528675,0.0098355275,0.045781125000000006
GP018291/00096.jpg,2,0.49231625,0.5102552499999999,0.01256795,0.042895075
