image,label,x,y,width,height
GP018291/00229.jpg,1,0.5194444444444445,0.5638816666666666,0.10575311111111113,0.1319211111111111
GP018291/00229.jpg,2,0.5296343333333334,0.5111997777777777,0.023934022222222226,0.11035166666666668
