image,label,x,y,width,height
GP018291/00068.jpg,1,0.55800425,0.52566975,0.028454225,0.0402268
GP018291/00068.jpg,1,0.8328585,0.6277515,0.22452925,0.30168125
GP018291/00068.jpg,2,0.56029175,0.51209325,0.0080368925,0.032602625
GP018291/00068.jpg,2,0.825392,0.52160275,0.048363175,0.26076625000000003
