image,label,x,y,width,height
GP018291/00214.jpg,1,0.7657560833333333,0.6327446250000001,0.25012429166666666,0.3155065
GP018291/00214.jpg,2,0.7542897083333333,0.5218717083333334,0.059224891666666675,0.303761625
