image,label,x,y,width,height
GP018291/00054.jpg,1,0.788087,0.63166,0.192498,0.21962399999999999
GP018291/00054.jpg,2,0.792824,0.516177,0.0478015,0.240245
