image,label,x,y,width,height
GP018291/00016.jpg,1,0.08305224285714287,0.5629390000000001,0.0664738,0.1624657142857143
GP018291/00016.jpg,2,0.09097644285714286,0.5009078571428571,0.03069267142857143,0.14526671428571428
