image,label,x,y,width,height
GP018291/00245.jpg,1,0.04157406666666666,0.5882465555555556,0.056836722222222226,0.1878535555555556
GP018291/00245.jpg,2,0.04202972222222222,0.5001524444444444,0.05773145555555556,0.15652049999999998
