image,label,x,y,width,height
GP018291/00177.jpg,1,0.8016353333333334,0.6785945,0.224498,0.3607475
GP018291/00177.jpg,2,0.8095543333333333,0.5415811666666667,0.06358816666666668,0.34560116666666674
