image,label,x,y,width,height
GP018291/00052.jpg,1,0.48197175,0.5291140000000001,0.0372564125,0.0453576
GP018291/00052.jpg,1,0.74447425,0.639436125,0.203326125,0.25083775
GP018291/00052.jpg,2,0.479791,0.511072875,0.01032367375,0.0427874625
GP018291/00052.jpg,2,0.733306375,0.518508875,0.05717515,0.244921
