image,label,x,y,width,height
GP018291/00069.jpg,1,0.6124925625,0.5283385625,0.016101356249999997,0.040833500000000016
GP018291/00069.jpg,1,0.8244217083333334,0.6300678333333334,0.18727704166666667,0.2561245
GP018291/00069.jpg,2,0.6120921250000001,0.5114278125,0.008794474375,0.0384905875
GP018291/00069.jpg,2,0.8521564999999999,0.5170795833333334,0.05865595833333333,0.24614695833333336
