image,label,x,y,width,height
GP018291/00005.jpg,1,0.3666396666666667,0.522667,0.00944561833333333,0.035786450000000004
GP018291/00005.jpg,2,0.367462,0.5086455,0.009688873333333332,0.03103858333333333
