image,label,x,y,width,height
GP018291/00252.jpg,1,0.5903565,0.5265253750000001,0.0232183125,0.03387225
GP018291/00252.jpg,2,0.5887899999999999,0.5105609999999999,0.0072636125,0.0321479875
