image,label,x,y,width,height
GP018291/00066.jpg,1,0.426799,0.5242720000000001,0.0290011,0.0339068
GP018291/00066.jpg,1,0.839097,0.641664,0.245833,0.261379
GP018291/00066.jpg,2,0.429936,0.5097550000000001,0.00780147,0.0280188
GP018291/00066.jpg,2,0.8365969999999999,0.512969,0.05583330000000001,0.239431
