image,label,x,y,width,height
GP018291/00038.jpg,1,0.49227775,0.538037,0.015883675,0.07059395
GP018291/00038.jpg,2,0.49183825,0.5087885,0.019061675,0.062174249999999986
