image,label,x,y,width,height
GP018291/00266.jpg,1,0.5808205,0.5332439999999999,0.03143815,0.056191525
GP018291/00266.jpg,2,0.5805085,0.5152162499999999,0.011147815,0.047383800000000004
