image,label,x,y,width,height
GP018291/00215.jpg,1,0.7684317500000001,0.63102825,0.24573175,0.33214825000000003
GP018291/00215.jpg,2,0.7546155000000001,0.5236235,0.049674875,0.28825975
