image,label,x,y,width,height
GP018291/00080.jpg,1,0.5297625,0.528907,0.038179325,0.049354425000000014
GP018291/00080.jpg,2,0.5313895000000001,0.50997825,0.009556325,0.0423764
