image,label,x,y,width,height
GP018291/00264.jpg,1,0.767868,0.5425811666666667,0.04556695,0.08508653333333334
GP018291/00264.jpg,2,0.762419,0.5058739999999999,0.017146933333333333,0.06836576666666666
