image,label,x,y,width,height
GP018291/00171.jpg,1,0.42360325,0.5275340000000001,0.03466425,0.04495695
GP018291/00171.jpg,2,0.42440249999999996,0.5102825,0.008852225,0.044130575
