image,label,x,y,width,height
GP018291/00151.jpg,1,0.3644258000000001,0.5221994000000001,0.016076145,0.037428035
GP018291/00151.jpg,2,0.3653212,0.50664135,0.0078071159999999985,0.032525210000000006
