image,label,x,y,width,height
GP018291/00230.jpg,1,0.7091274999999999,0.5543715,0.027099983333333338,0.07746203333333332
GP018291/00230.jpg,2,0.7117216666666666,0.5085215,0.02490528333333333,0.07199866666666667
