image,label,x,y,width,height
GP018291/00121.jpg,1,0.5583560000000001,0.5250888000000001,0.02742802,0.03866908
GP018291/00121.jpg,2,0.5593161999999999,0.511292,0.008332994,0.033214099999999996
