image,label,x,y,width,height
GP018291/00190.jpg,1,0.55696175,0.55356425,0.083254825,0.091077525
GP018291/00190.jpg,2,0.55383375,0.5141800000000001,0.016162799999999998,0.090504425
