image,label,x,y,width,height
GP018291/00145.jpg,1,0.43892542857142863,0.536409,0.051421123809523815,0.060510647619047626
GP018291/00145.jpg,2,0.4388398095238094,0.5118563333333332,0.01241370095238095,0.05981759047619047
