image,label,x,y,width,height
GP018291/00125.jpg,1,0.41224075,0.53988625,0.05083125,0.07972205
GP018291/00125.jpg,2,0.410203,0.50836225,0.0135786375,0.074478175
