image,label,x,y,width,height
GP018291/00030.jpg,1,0.30184933333333336,0.5384836666666667,0.017269450000000002,0.054209300000000016
GP018291/00030.jpg,2,0.3014213333333333,0.5068238333333334,0.018979283333333333,0.057294850000000015
