image,label,x,y,width,height
GP018291/00228.jpg,1,0.2911284,0.5510396,0.05566008,0.10008084
GP018291/00228.jpg,2,0.2896936,0.5061478,0.0264928,0.08891602
