image,label,x,y,width,height
GP018291/00109.jpg,1,0.5562280000000001,0.5369215,0.017434975000000002,0.055144525000000014
GP018291/00109.jpg,2,0.5570649999999999,0.5159082500000001,0.015478525,0.0573501
