image,label,x,y,width,height
GP018291/00041.jpg,1,0.5338584285714285,0.5770505714285715,0.061115542857142865,0.20928085714285716
GP018291/00041.jpg,2,0.5305394285714286,0.5103167142857143,0.05952654285714285,0.156866
