image,label,x,y,width,height
GP018291/00140.jpg,1,0.481436625,0.536279125,0.050010625,0.06631115000000001
GP018291/00140.jpg,2,0.48169750000000006,0.50919425,0.0131420875,0.0568486875
