image,label,x,y,width,height
GP018291/00254.jpg,1,0.492938,0.527816,0.0143386,0.0407492
GP018291/00254.jpg,2,0.493317,0.5098739999999999,0.012567299999999998,0.0441957
