image,label,x,y,width,height
GP018291/00102.jpg,1,0.535445,0.5795710000000001,0.0365694,0.161243
GP018291/00102.jpg,2,0.5333979999999999,0.515009,0.0384797,0.147478
