image,label,x,y,width,height
GP018291/00180.jpg,1,0.17408616666666665,0.551673,0.05794375,0.10967616666666667
GP018291/00180.jpg,2,0.18163616666666668,0.5032150000000001,0.02460381666666667,0.09466468333333332
