image,label,x,y,width,height
GP018291/00118.jpg,1,0.4791667142857143,0.5252938571428571,0.009780427142857142,0.03924004285714285
GP018291/00118.jpg,2,0.4787405714285714,0.5069631428571428,0.009592382857142857,0.031776900000000004
