image,label,x,y,width,height
GP018291/00138.jpg,1,0.5598813,0.5380895000000001,0.05064646,0.057768550000000016
GP018291/00138.jpg,2,0.5596378000000001,0.5126359,0.012005618,0.05674639
