image,label,x,y,width,height
GP018291/00021.jpg,1,0.4380854,0.5251448000000001,0.029506459999999995,0.03611204
GP018291/00021.jpg,2,0.439456,0.5079739999999999,0.008636524000000001,0.03171264
