image,label,x,y,width,height
GP018291/00136.jpg,1,0.6735183333333333,0.5374364444444445,0.05145335555555556,0.060934877777777785
GP018291/00136.jpg,2,0.6709882222222223,0.5139432222222222,0.012799233333333332,0.05872201111111111
