image,label,x,y,width,height
GP018291/00107.jpg,1,0.698911,0.5384065,0.038237625,0.05892265
GP018291/00107.jpg,2,0.695962,0.5143504999999999,0.01277875,0.05884202500000001
