image,label,x,y,width,height
GP018291/00184.jpg,1,0.4695438750000001,0.5246103750000001,0.029074775,0.035620625
GP018291/00184.jpg,2,0.47146825,0.508513875,0.007601225,0.031936425
