image,label,x,y,width,height
GP018291/00174.jpg,1,0.7167987499999999,0.5359244999999999,0.033039324999999994,0.07068789999999998
GP018291/00174.jpg,2,0.71544675,0.5088027500000001,0.012975775,0.064301775
