image,label,x,y,width,height
GP018291/00116.jpg,1,0.5032717499999999,0.5239192500000001,0.028720375,0.0386159
GP018291/00116.jpg,2,0.5015085,0.5094105,0.0078377025,0.032341175
