image,label,x,y,width,height
GP018291/00104.jpg,5,0.4868630000000001,0.542551,0.75620154,0.7292024
