image,label,x,y,width,height
GP018291/00024.jpg,1,0.6072143333333333,0.5281016666666667,0.014989099999999997,0.03985623333333333
GP018291/00024.jpg,2,0.6066738333333334,0.5113701666666666,0.008811248333333332,0.03248611666666667
