image,label,x,y,width,height
GP018291/00213.jpg,1,0.7629622727272726,0.6339524545454545,0.246352,0.3125363636363636
GP018291/00213.jpg,2,0.7548545454545454,0.5177364545454546,0.048738509090909085,0.2992978181818182
