image,label,x,y,width,height
GP018291/00206.jpg,1,0.8917269999999999,0.6377697499999999,0.099226225,0.25120400000000004
GP018291/00206.jpg,2,0.915026,0.51895,0.062499575,0.23189725
