image,label,x,y,width,height
GP018291/00248.jpg,1,0.91410375,0.562138,0.08529439999999999,0.11996275
GP018291/00248.jpg,2,0.90607425,0.5102595,0.02145075,0.10967475
