image,label,x,y,width,height
GP018291/00092.jpg,1,0.355078,0.523534,0.013434100000000001,0.033099
GP018291/00092.jpg,2,0.35585300000000003,0.504799,0.00620034,0.0268539
