image,label,x,y,width,height
GP018291/00051.jpg,1,0.6610710000000001,0.5860041250000001,0.12514433749999998,0.156267775
GP018291/00051.jpg,2,0.6557921250000001,0.5165455,0.03379718125,0.1522425875
