image,label,x,y,width,height
GP018291/00225.jpg,1,0.46967375,0.52741625,0.036264599999999994,0.044191125000000005
GP018291/00225.jpg,2,0.4678915,0.510308,0.0084301725,0.03771015
