image,label,x,y,width,height
GP018291/00250.jpg,1,0.673452,0.5377862857142857,0.026585314285714288,0.05756881428571429
GP018291/00250.jpg,2,0.6696974285714286,0.5131225714285714,0.012506657142857144,0.051906885714285714
