image,label,x,y,width,height
GP018291/00003.jpg,1,0.47795600000000005,0.5212859999999999,0.028548200000000003,0.036874699999999996
GP018291/00003.jpg,2,0.47666099999999995,0.508625,0.00610425,0.0319877
