image,label,x,y,width,height
GP018291/00257.jpg,1,0.5010887142857142,0.536395,0.01560364285714286,0.06771451428571428
GP018291/00257.jpg,2,0.5018637142857143,0.5100740000000001,0.017549157142857142,0.05977585714285714
