image,label,x,y,width,height
GP018291/00148.jpg,1,0.3243475000000001,0.5298109999999999,0.011931206666666666,0.04869486666666666
GP018291/00148.jpg,2,0.3251175,0.5051261666666668,0.012424056666666669,0.041855083333333334
