image,label,x,y,width,height
GP018291/00218.jpg,1,0.7614170000000001,0.6231058333333332,0.24201750000000002,0.3123788333333333
GP018291/00218.jpg,2,0.7489445,0.5214651666666666,0.05083791666666667,0.29756766666666673
