image,label,x,y,width,height
GP018291/00144.jpg,1,0.500429,0.5368093,0.05394915,0.06179414
GP018291/00144.jpg,2,0.4971785000000001,0.5114644,0.011328883999999996,0.05787906
