image,label,x,y,width,height
GP018291/00106.jpg,1,0.7765156521739129,0.5473302173913044,0.0517161695652174,0.08511479130434782
GP018291/00106.jpg,2,0.7700813478260871,0.5160930434782609,0.021118391304347832,0.07999127391304348
