image,label,x,y,width,height
GP018291/00006.jpg,1,0.39626409999999995,0.5246508999999999,0.030537420000000006,0.050294970000000015
GP018291/00006.jpg,2,0.3967383000000001,0.5078818,0.009661522000000002,0.04182796
