image,label,x,y,width,height
GP018291/00064.jpg,1,0.34686799999999995,0.5283846666666667,0.013806566666666669,0.039167
GP018291/00064.jpg,1,0.825283,0.6171727499999999,0.2220985,0.32713425
GP018291/00064.jpg,2,0.34847100000000003,0.5098590000000001,0.010179683333333332,0.04032193333333333
GP018291/00064.jpg,2,0.8219264999999999,0.51942625,0.04691635,0.25452125000000003
