image,label,x,y,width,height
GP018291/00226.jpg,1,0.3621517500000001,0.5287744999999999,0.024143575,0.043433525
GP018291/00226.jpg,2,0.36316325,0.509157,0.0084838475,0.04055115
