image,label,x,y,width,height
GP018291/00150.jpg,1,0.3461715,0.526339,0.013552183333333336,0.0418093
GP018291/00150.jpg,2,0.3466528333333333,0.5043876666666667,0.00880623,0.03440346666666667
