image,label,x,y,width,height
GP018291/00243.jpg,1,0.32649288888888883,0.539514,0.051463227777777766,0.06668034444444444
GP018291/00243.jpg,2,0.3228568888888888,0.5122645,0.01601213333333333,0.06797281666666666
