image,label,x,y,width,height
GP018291/00149.jpg,1,0.3366178,0.5301655999999999,0.01398392,0.04595466
GP018291/00149.jpg,2,0.338014,0.5073437999999999,0.009938923999999998,0.0369783
