image,label,x,y,width,height
GP018291/00040.jpg,1,0.5349504999999999,0.5728483333333334,0.04032511666666667,0.16139133333333333
GP018291/00040.jpg,2,0.5339323333333333,0.5073081666666667,0.034680833333333334,0.13150216666666667
