image,label,x,y,width,height
GP018291/00181.jpg,1,0.300338,0.530466,0.015956799999999997,0.0530373
GP018291/00181.jpg,2,0.301734,0.490608,0.0102389,0.0292509
