image,label,x,y,width,height
GP018291/00094.jpg,1,0.45853325,0.5259784999999999,0.026713475,0.03595265
GP018291/00094.jpg,2,0.46051125,0.5097287500000001,0.00814659,0.03457885
