image,label,x,y,width,height
GP018291/00031.jpg,1,0.32015249999999995,0.5291772499999999,0.0169862,0.053603575
GP018291/00031.jpg,2,0.32229450000000004,0.509229,0.01363235,0.052031475
