image,label,x,y,width,height
GP018291/00074.jpg,1,0.6973747499999999,0.67914075,0.2775285,0.3936875
GP018291/00074.jpg,2,0.71359175,0.5569262500000001,0.08127310000000001,0.3779225
