image,label,x,y,width,height
GP018291/00001.jpg,1,0.562635,0.5258827500000001,0.029870025,0.0325533
GP018291/00001.jpg,2,0.560815,0.5115075,0.00699314,0.031300275
