image,label,x,y,width,height
GP018291/00162.jpg,1,0.740432,0.549794,0.0229314,0.07851169999999999
GP018291/00162.jpg,2,0.736924,0.510333,0.0196799,0.080978
