image,label,x,y,width,height
GP018291/00059.jpg,1,0.6968384285714285,0.5985245714285714,0.12094205714285712,0.22557385714285716
GP018291/00059.jpg,2,0.6270929999999999,0.51795375,0.042522825,0.167941125
GP018291/00059.jpg,2,0.7995248333333334,0.516835,0.05064653333333333,0.24841316666666666
