image,label,x,y,width,height
GP018291/00249.jpg,1,0.7551926666666665,0.5436415,0.04386951666666666,0.07744236666666666
GP018291/00249.jpg,2,0.7510564999999999,0.5124956666666667,0.01637555,0.06933921666666666
