image,label,x,y,width,height
GP018291/00079.jpg,1,0.4197166,0.5267818,0.037726479999999986,0.04891754
GP018291/00079.jpg,2,0.4233718,0.5082454000000001,0.009645744,0.04576222
