image,label,x,y,width,height
GP018291/00259.jpg,1,0.50662325,0.539431,0.019582525,0.072077875
GP018291/00259.jpg,2,0.5078395,0.50909375,0.01941675,0.06527290000000001
