image,label,x,y,width,height
GP018291/00115.jpg,1,0.5327700000000001,0.52441825,0.02768115,0.037247275
GP018291/00115.jpg,2,0.53139225,0.5091595000000001,0.008350932500000002,0.03390785
