image,label,x,y,width,height
GP018291/00197.jpg,1,0.48789825,0.5280432500000001,0.0102571825,0.0410668
GP018291/00197.jpg,2,0.4878765000000001,0.5116775,0.011129105,0.03473365
