image,label,x,y,width,height
GP018291/00117.jpg,1,0.48092825,0.524204,0.024529075,0.037878675
GP018291/00117.jpg,2,0.47996475,0.5080405,0.0068884275000000005,0.032966525
