image,label,x,y,width,height
GP018291/00046.jpg,1,0.747811,0.6425080000000001,0.21421325,0.25286575
GP018291/00046.jpg,2,0.7355705,0.5202385,0.06499849999999999,0.2437865
