image,label,x,y,width,height
GP018291/00164.jpg,1,0.64330575,0.53224525,0.02025165,0.046809325
GP018291/00164.jpg,2,0.64071725,0.512889,0.0107915675,0.0438489
