image,label,x,y,width,height
GP018291/00127.jpg,1,0.023648925,0.5874465000000001,0.04691675,0.19221675
GP018291/00127.jpg,2,0.02474775,0.5148172499999999,0.038917675,0.18917725
