image,label,x,y,width,height
GP018291/00111.jpg,1,0.6799328260869565,0.5362252608695652,0.024252465217391304,0.060299152173913025
GP018291/00111.jpg,2,0.6775451739130435,0.5134773913043479,0.012733194782608695,0.055419930434782605
