image,label,x,y,width,height
GP018291/00154.jpg,1,0.57107825,0.5241564999999999,0.02734255,0.0377535
GP018291/00154.jpg,2,0.572994,0.51119525,0.0074041025,0.034037875
