image,label,x,y,width,height
GP018291/00098.jpg,1,0.49771350000000003,0.5375602500000001,0.01339605,0.0738038
GP018291/00098.jpg,2,0.49792125,0.5109582500000001,0.018008725,0.06378494999999999
