image,label,x,y,width,height
GP018291/00034.jpg,1,0.4229028,0.5235932000000001,0.02920636,0.03706974
GP018291/00034.jpg,2,0.4242368,0.5087084,0.007521836,0.033934240000000004
