image,label,x,y,width,height
GP018291/00010.jpg,1,0.7584795,0.5344994999999999,0.02563265,0.049115950000000005
GP018291/00010.jpg,2,0.751764,0.5088520000000001,0.0118375,0.062075599999999995
