image,label,x,y,width,height
GP018291/00175.jpg,1,0.8296575714285714,0.5467121428571429,0.058238914285714274,0.11003514285714286
GP018291/00175.jpg,2,0.8302871428571429,0.5110978571428572,0.017978814285714288,0.0956325
