image,label,x,y,width,height
GP018291/00002.jpg,1,0.5101249999999999,0.5246588333333334,0.026720916666666667,0.037885216666666666
GP018291/00002.jpg,2,0.5090553333333333,0.5069215000000001,0.007994878333333334,0.031598666666666664
