image,label,x,y,width,height
GP018291/00023.jpg,1,0.5611768333333333,0.5266795,0.02688445,0.03827255
GP018291/00023.jpg,2,0.5609863333333335,0.5102016666666666,0.007674365,0.034265116666666665
