image,label,x,y,width,height
GP018291/00015.jpg,1,0.21425366666666665,0.650267,0.21249350000000006,0.3511486666666667
GP018291/00015.jpg,2,0.16917066666666666,0.5079321666666666,0.08445223333333332,0.2901853333333333
