image,label,x,y,width,height
GP018291/00161.jpg,1,0.705751,0.57224025,0.037773425,0.127601
GP018291/00161.jpg,2,0.70998775,0.5128729999999999,0.0318647,0.12270775
