image,label,x,y,width,height
GP018291/00008.jpg,1,0.558808,0.5317007499999999,0.04399245,0.0533397
GP018291/00008.jpg,2,0.5605515,0.51252875,0.0103421025,0.045740825
