image,label,x,y,width,height
GP018291/00128.jpg,1,0.18573428,0.6750498799999999,0.28522832000000004,0.42820496
GP018291/00128.jpg,2,0.18819176,0.52332136,0.072855944,0.4067718000000001
