image,label,x,y,width,height
GP018291/00155.jpg,1,0.6173523999999999,0.5286416,0.01420632,0.04100858
GP018291/00155.jpg,2,0.6168922,0.5107064,0.009946068,0.03784222
