image,label,x,y,width,height
GP018291/00114.jpg,1,0.58073525,0.526187,0.0234725,0.035068474999999995
GP018291/00114.jpg,2,0.5786545,0.5122117500000001,0.0067494125,0.0321998
