image,label,x,y,width,height
GP018291/00103.jpg,1,0.7742579000000002,0.6356876499999999,0.23540255,0.3107939
GP018291/00103.jpg,2,0.8022233499999999,0.5243253999999998,0.06642307,0.27065320000000004
