image,label,x,y,width,height
GP018291/00210.jpg,1,0.5102114285714285,0.6060508571428571,0.04745811428571428,0.1773117142857143
GP018291/00210.jpg,2,0.5068261428571429,0.5164185714285714,0.051729071428571416,0.17374614285714288
