image,label,x,y,width,height
GP018291/00189.jpg,1,0.6786928571428571,0.5446527142857143,0.03032992857142857,0.06806961428571429
GP018291/00189.jpg,2,0.6798421428571428,0.5156350000000001,0.020635357142857143,0.06768625714285713
