image,label,x,y,width,height
GP018291/00223.jpg,1,0.6688915999999999,0.5331508500000001,0.03342927,0.057945075
GP018291/00223.jpg,2,0.6662924499999999,0.51132975,0.0118604195,0.04921346
