image,label,x,y,width,height
GP018291/00085.jpg,1,0.9707145217391304,0.6095131304347827,0.056050447826086966,0.25446300000000005
GP018291/00085.jpg,2,0.990016,0.4698374166666667,0.01929923458333333,0.16199455416666667
