image,label,x,y,width,height
GP018291/00108.jpg,1,0.6222932857142858,0.5343602857142857,0.04641288571428572,0.049329657142857135
GP018291/00108.jpg,2,0.6168545714285714,0.5160187142857142,0.009608582857142858,0.048565114285714285
