image,label,x,y,width,height
GP018291/00105.jpg,1,0.9008004666666666,0.5595542666666665,0.07838002000000001,0.12281260000000002
GP018291/00105.jpg,2,0.8933964000000001,0.5146681333333333,0.02531506666666667,0.1133908
