image,label,x,y,width,height
GP018291/00055.jpg,1,0.24312742857142855,0.5423377142857143,0.0356099,0.08199494285714286
GP018291/00055.jpg,1,0.785755,0.6356754285714284,0.20301028571428573,0.24057514285714285
GP018291/00055.jpg,2,0.241902,0.5076890000000001,0.016013871428571427,0.07859007142857144
GP018291/00055.jpg,2,0.7959274285714285,0.5110868571428571,0.051073028571428584,0.2433947142857143
