image,label,x,y,width,height
GP018291/00205.jpg,1,0.7233428571428572,0.6472391428571428,0.24375214285714286,0.2767202857142857
GP018291/00205.jpg,2,0.7319385714285714,0.5183908571428572,0.05431477142857143,0.2738131428571429
