image,label,x,y,width,height
GP018291/00185.jpg,1,0.5372492,0.5260993999999999,0.02594006,0.0328723
GP018291/00185.jpg,2,0.5383756,0.5091642,0.006997164,0.032952159999999994
