image,label,x,y,width,height
GP018291/00146.jpg,1,0.37971585,0.53643125,0.053181225,0.06402912999999999
GP018291/00146.jpg,2,0.3764578,0.510304,0.015128745,0.05750341499999999
