image,label,x,y,width,height
GP018291/00020.jpg,1,0.3813391428571429,0.5238212857142858,0.02645937142857143,0.03818598571428571
GP018291/00020.jpg,2,0.3835637142857143,0.5110897142857143,0.008341159999999999,0.032476514285714284
