image,label,x,y,width,height
GP018291/00253.jpg,1,0.5253208333333333,0.5253448333333334,0.0229856,0.03248473333333333
GP018291/00253.jpg,2,0.524521,0.5086495,0.008572549999999998,0.03018503333333333
