image,label,x,y,width,height
GP018291/00188.jpg,1,0.6643131428571428,0.53598,0.021629142857142857,0.05075954285714286
GP018291/00188.jpg,2,0.6642965714285715,0.5112675714285714,0.012953257142857144,0.0485947
