image,label,x,y,width,height
GP018291/00004.jpg,1,0.4198341666666667,0.5204873333333334,0.02668303333333333,0.0378532
GP018291/00004.jpg,2,0.4179791666666667,0.5075323333333334,0.0072966483333333325,0.032332516666666665
