image,label,x,y,width,height
GP018291/00176.jpg,1,0.9857145,0.586018,0.0273923,0.16089525000000002
GP018291/00176.jpg,2,0.98456475,0.52703375,0.03024945,0.16500400000000004
