image,label,x,y,width,height
GP018291/00037.jpg,1,0.4872858,0.529429,0.010171376,0.05418378
GP018291/00037.jpg,2,0.4874464,0.5114806,0.013580200000000002,0.04604369999999999
