image,label,x,y,width,height
GP018291/00089.jpg,1,0.23425157142857145,0.5408927142857143,0.037749457142857136,0.08717715714285712
GP018291/00089.jpg,2,0.23866657142857145,0.5052831428571428,0.018955971428571427,0.08384967142857144
