image,label,x,y,width,height
GP018291/00142.jpg,1,0.4877444285714286,0.5338481428571429,0.05039791428571428,0.0672635142857143
GP018291/00142.jpg,2,0.4877751428571428,0.5076985714285714,0.012404767142857142,0.055884357142857145
