image,label,x,y,width,height
GP018291/00099.jpg,1,0.49831850000000005,0.53753925,0.017686300000000002,0.07522917500000001
GP018291/00099.jpg,2,0.49873249999999997,0.510013,0.02052725,0.06693155
