image,label,x,y,width,height
GP018291/00193.jpg,1,0.3300483076923077,0.5309693076923078,0.01540003846153846,0.04638130000000001
GP018291/00193.jpg,2,0.33105361538461536,0.5083225384615384,0.010236058461538465,0.04635171538461538
