image,label,x,y,width,height
GP018291/00097.jpg,1,0.4940068571428572,0.5338021428571429,0.010971618571428572,0.06630602857142857
GP018291/00097.jpg,2,0.4941208571428571,0.5105615714285714,0.015022728571428572,0.05467222857142857
