image,label,x,y,width,height
GP018291/00119.jpg,1,0.4879250000000001,0.52518175,0.0254327,0.033553125
GP018291/00119.jpg,2,0.48882250000000005,0.50949225,0.0058438075,0.031579325
