image,label,x,y,width,height
GP018291/00028.jpg,1,0.5619501666666668,0.5493163333333333,0.07970011666666668,0.08999265000000001
GP018291/00028.jpg,2,0.5591311666666666,0.5097556666666666,0.01871628333333333,0.07934263333333334
