image,label,x,y,width,height
GP018291/00057.jpg,1,0.04161405263157894,0.5970824736842106,0.05617611052631579,0.2122595789473684
GP018291/00057.jpg,1,0.7843603157894737,0.6317236315789475,0.17904210526315792,0.24508115789473686
GP018291/00057.jpg,2,0.041573647368421035,0.5151514210526315,0.06361563684210526,0.20819715789473686
GP018291/00057.jpg,2,0.8004286842105263,0.5177740526315789,0.04934352105263159,0.2528794210526315
