image,label,x,y,width,height
GP018291/00035.jpg,1,0.4741882000000001,0.5270279999999999,0.0182712,0.03865678
GP018291/00035.jpg,2,0.4738878,0.5099488000000001,0.008625588,0.03243004
