image,label,x,y,width,height
GP018291/00073.jpg,1,0.98689995,0.5849036,0.02411051500000001,0.17381970000000002
GP018291/00073.jpg,2,0.9857895,0.52260155,0.02662548,0.17216563499999998
