image,label,x,y,width,height
GP018291/00246.jpg,1,0.3927238333333333,0.6659084999999999,0.3402786666666667,0.412394
GP018291/00246.jpg,2,0.4083643333333334,0.5106765,0.07632361666666666,0.39252033333333336
