image,label,x,y,width,height
GP018291/00050.jpg,1,0.7050362727272727,0.5899836363636364,0.12133059090909093,0.15231677272727273
GP018291/00050.jpg,2,0.7023504545454546,0.5153922727272726,0.03629067272727273,0.1584833
