image,label,x,y,width,height
GP018291/00033.jpg,1,0.367305,0.5236973749999999,0.0168961625,0.03457665
GP018291/00033.jpg,2,0.36923825,0.5071549999999999,0.008577261249999999,0.034124175
