image,label,x,y,width,height
GP018291/00222.jpg,1,0.7473976666666667,0.5428799999999999,0.04607183333333334,0.07664733333333333
GP018291/00222.jpg,1,0.9798916,0.606748,0.03714864,0.1704904
GP018291/00222.jpg,2,0.7419563333333334,0.5064345,0.01524835,0.06999871666666667
