image,label,x,y,width,height
GP018291/00260.jpg,1,0.5187155,0.551718,0.021255025000000004,0.11088475
GP018291/00260.jpg,2,0.51751525,0.5120104999999999,0.030326299999999997,0.0915258
