image,label,x,y,width,height
GP018291/00160.jpg,1,0.8942759523809524,0.6146601904761907,0.15958009523809524,0.22735547619047616
GP018291/00160.jpg,2,0.8925995238095239,0.5198147619047621,0.03830059047619048,0.20748566666666665
