image,label,x,y,width,height
GP018291/00039.jpg,1,0.5062495,0.548072,0.02815025,0.09474723333333332
GP018291/00039.jpg,2,0.5077928333333334,0.5053771666666667,0.023192233333333333,0.07843705
