image,label,x,y,width,height
GP018291/00043.jpg,1,0.667266,0.6303025999999999,0.1865898,0.2373738
GP018291/00043.jpg,2,0.6510681999999999,0.5173713999999999,0.04227612,0.2308062
