image,label,x,y,width,height
GP018291/00192.jpg,1,0.2929633636363636,0.5333422727272727,0.019745500000000003,0.06492312727272727
GP018291/00192.jpg,2,0.2952705454545454,0.5053583636363636,0.014181245454545455,0.06136285454545455
