image,label,x,y,width,height
GP018291/00014.jpg,1,0.7260855714285716,0.6360882857142858,0.255517,0.3986928571428571
GP018291/00014.jpg,2,0.7451762857142857,0.5073322857142858,0.09139904285714286,0.33581442857142857
