image,label,x,y,width,height
GP018291/00123.jpg,1,0.5887131052631579,0.5306058421052631,0.014114789473684209,0.04287404210526315
GP018291/00123.jpg,2,0.5888828421052632,0.5124023684210526,0.01210298842105263,0.042523478947368416
