image,label,x,y,width,height
GP018291/00234.jpg,1,0.527952090909091,0.523814,0.029825390909090914,0.035488900000000004
GP018291/00234.jpg,2,0.5251150909090909,0.509205,0.007621505454545451,0.03478424545454545
