image,label,x,y,width,height
GP018291/00062.jpg,1,0.2835094,0.5346354,0.01959506,0.06106128000000001
GP018291/00062.jpg,1,0.7982687142857142,0.6146550000000001,0.2162052857142857,0.28786885714285715
GP018291/00062.jpg,2,0.285481,0.5048994000000001,0.014228759999999997,0.06167132
GP018291/00062.jpg,2,0.7936851428571429,0.5148565714285714,0.05246788571428572,0.2448711428571429
