image,label,x,y,width,height
GP018291/00204.jpg,1,0.5802684285714285,0.6099938571428571,0.08522508571428572,0.2367308571428572
GP018291/00204.jpg,2,0.5716384285714285,0.5109815714285715,0.05642921428571429,0.19697271428571428
