image,label,x,y,width,height
GP018291/00209.jpg,1,0.5998544444444444,0.5792687777777777,0.11099288888888888,0.12969699999999998
GP018291/00209.jpg,2,0.5985881111111112,0.5154124444444445,0.030585488888888887,0.14142344444444446
