image,label,x,y,width,height
GP018291/00227.jpg,1,0.29507324999999995,0.53120725,0.02210565,0.06717324999999999
GP018291/00227.jpg,2,0.29312825,0.50535825,0.016645774999999998,0.060002975
