image,label,x,y,width,height
GP018291/00220.jpg,1,0.784795,0.638781,0.22249000000000002,0.320538
GP018291/00220.jpg,2,0.794908,0.5233869999999999,0.058040800000000004,0.28634699999999996
