image,label,x,y,width,height
GP018291/00233.jpg,1,0.59506525,0.527586,0.021224625,0.0350586
GP018291/00233.jpg,2,0.593827,0.51294225,0.0057417875,0.032246275
