image,label,x,y,width,height
GP018291/00110.jpg,1,0.627041,0.541566,0.057270600000000005,0.0657314
GP018291/00110.jpg,2,0.634332,0.511688,0.0153685,0.05629630000000001
