image,label,x,y,width,height
GP018291/00072.jpg,1,0.8437101428571427,0.5500264285714286,0.059727314285714275,0.10968705714285716
GP018291/00072.jpg,2,0.8473792857142858,0.5077348571428572,0.017975400000000002,0.09210807142857144
