image,label,x,y,width,height
GP018291/00182.jpg,1,0.3503138,0.5256724,0.01236836,0.03869256
GP018291/00182.jpg,2,0.3512304,0.5065682,0.007704218,0.033980599999999986
