image,label,x,y,width,height
GP018291/00208.jpg,1,0.7344569999999999,0.581699,0.12366500000000001,0.127504
GP018291/00208.jpg,2,0.731354,0.517411,0.0234919,0.133933
