image,label,x,y,width,height
GP018291/00194.jpg,1,0.35276676190476186,0.5260789047619049,0.01341484761904762,0.03914262380952381
GP018291/00194.jpg,2,0.3531470476190476,0.5085034761904761,0.009823084285714285,0.03815176666666667
