image,label,x,y,width,height
GP018291/00239.jpg,1,0.25927614285714284,0.5397438571428571,0.030455742857142858,0.07719084285714285
GP018291/00239.jpg,2,0.254317,0.5073535714285714,0.019735814285714283,0.07024614285714285
