image,label,x,y,width,height
GP018291/00084.jpg,1,0.9737409375,0.571307625,0.05039584375,0.13318937500000005
GP018291/00084.jpg,2,0.98356825,0.5208405625,0.027742725,0.13874421250000002
