image,label,x,y,width,height
GP018291/00029.jpg,1,0.38951725,0.5456730000000001,0.06171105,0.081714725
GP018291/00029.jpg,2,0.38217175,0.5098725000000001,0.020222925,0.07798162500000001
