image,label,x,y,width,height
GP018291/00076.jpg,1,0.113488,0.5616966,0.0747816,0.12841580000000002
GP018291/00076.jpg,2,0.1259104,0.5068002,0.02518506,0.1245064
