image,label,x,y,width,height
GP018291/00044.jpg,1,0.7475860000000001,0.618733,0.23943575,0.30093625
GP018291/00044.jpg,2,0.7426459999999999,0.5200224999999999,0.049167125000000006,0.25916874999999995
