image,label,x,y,width,height
GP018291/00191.jpg,1,0.3435316,0.5483859999999999,0.05467172,0.08116094
GP018291/00191.jpg,2,0.3409344,0.5067497999999999,0.02026408,0.07700946
