image,label,x,y,width,height
GP018291/00244.jpg,1,0.20245409090909086,0.5447908181818182,0.047863863636363635,0.0961977
GP018291/00244.jpg,2,0.20080327272727272,0.5030583636363637,0.01989508181818181,0.09289853636363636
