image,label,x,y,width,height
GP018291/00168.jpg,1,0.4700407692307692,0.5226719230769232,0.029483538461538457,0.03726474615384616
GP018291/00168.jpg,2,0.4679622307692307,0.5084463846153848,0.0074173030769230765,0.034525692307692306
