image,label,x,y,width,height
GP018291/00217.jpg,1,0.763042,0.627113,0.24497600000000003,0.301104
GP018291/00217.jpg,2,0.7475890000000001,0.52975,0.049749,0.297498
