image,label,x,y,width,height
GP018291/00088.jpg,1,0.10229084285714286,0.5535815714285715,0.07294253571428573,0.12102255
GP018291/00088.jpg,2,0.10937616666666666,0.5029121666666666,0.02825255833333333,0.12718691666666668
