image,label,x,y,width,height
GP018291/00134.jpg,1,0.74678875,0.54305125,0.037944775,0.077030125
GP018291/00134.jpg,2,0.74326525,0.51512275,0.015947299999999998,0.0725154
