image,label,x,y,width,height
GP018291/00053.jpg,1,0.387799,0.5308506,0.03615914,0.0483307
GP018291/00053.jpg,1,0.7395742000000001,0.6429600000000001,0.20111199999999999,0.2583324
GP018291/00053.jpg,2,0.386418,0.5089056000000001,0.011077576,0.04292666
GP018291/00053.jpg,2,0.7350505999999999,0.5181738000000001,0.05882988,0.250676
