image,label,x,y,width,height
GP018291/00087.jpg,1,0.0284219625,0.6279543750000001,0.0545772125,0.247675875
GP018291/00087.jpg,2,0.02125925,0.455947125,0.0381207375,0.15407899999999994
