image,label,x,y,width,height
GP018291/00095.jpg,1,0.4893995555555555,0.5266946666666666,0.008308881111111109,0.03819296666666667
GP018291/00095.jpg,2,0.4891594444444444,0.5103818888888889,0.010616173333333331,0.038136155555555565
