image,label,x,y,width,height
GP018291/00256.jpg,1,0.500207,0.537363,0.0147717,0.0612235
GP018291/00256.jpg,2,0.500207,0.50849,0.014482,0.051483400000000006
