image,label,x,y,width,height
GP018291/00017.jpg,1,0.2225561578947369,0.5346242631578948,0.03825404210526315,0.09698922105263158
GP018291/00017.jpg,2,0.2265444210526316,0.5002455789473683,0.020721715789473686,0.0849131789473684
