image,label,x,y,width,height
GP018291/00091.jpg,1,0.3322347272727273,0.5288435909090909,0.016499872727272727,0.0449962
GP018291/00091.jpg,2,0.33283440909090906,0.5071984090909091,0.011145606363636365,0.04472559090909091
