image,label,x,y,width,height
GP018291/00100.jpg,1,0.50210475,0.53950225,0.0164261,0.06648744999999999
GP018291/00100.jpg,2,0.50195225,0.50937225,0.019207075,0.060879875
