image,label,x,y,width,height
GP018291/00196.jpg,1,0.4503994285714286,0.5254622857142858,0.025101742857142856,0.03430034285714286
GP018291/00196.jpg,2,0.4518174285714286,0.5089322857142857,0.007818145714285714,0.032734014285714284
