image,label,x,y,width,height
GP018291/00113.jpg,1,0.6120447142857142,0.5292627142857144,0.016489728571428573,0.03819205714285714
GP018291/00113.jpg,2,0.610816857142857,0.5133141428571428,0.007784025714285714,0.035022442857142864
