image,label,x,y,width,height
GP018291/00018.jpg,1,0.3059167826086956,0.5310451304347825,0.017976752173913046,0.058088091304347826
GP018291/00018.jpg,2,0.30733400000000005,0.5048381304347827,0.013264778260869569,0.05447649130434784
