image,label,x,y,width,height
GP018291/00007.jpg,1,0.4721088,0.5284837500000001,0.037448695,0.05282898499999998
GP018291/00007.jpg,2,0.4719102,0.5121657000000002,0.010561215999999998,0.044739860000000006
