image,label,x,y,width,height
GP018291/00013.jpg,1,0.9209684285714284,0.5941538571428572,0.09985272857142856,0.29629471428571424
GP018291/00013.jpg,2,0.927496285714286,0.5346029999999999,0.052531242857142856,0.2536341428571429
