image,label,x,y,width,height
GP018291/00203.jpg,1,0.56121225,0.58988275,0.05718040000000001,0.20530749999999998
GP018291/00203.jpg,2,0.5622425,0.5120075,0.056424675,0.18414325
