image,label,x,y,width,height
GP018291/00158.jpg,1,0.8214986363636363,0.551733,0.057299863636363635,0.08584936363636365
GP018291/00158.jpg,2,0.8219576,0.5137123,0.016452451,0.08680975
