image,label,x,y,width,height
GP018291/00126.jpg,1,0.21507975,0.5506705,0.069282125,0.1116475
GP018291/00126.jpg,2,0.21430575,0.51054,0.021237275000000003,0.10440225
