image,label,x,y,width,height
GP018291/00141.jpg,1,0.4804753333333333,0.5335883333333333,0.04858645,0.06840528333333334
GP018291/00141.jpg,2,0.4809085,0.5089564999999999,0.012372515,0.05732435
