image,label,x,y,width,height
GP018291/00165.jpg,1,0.60943025,0.528756,0.020445475,0.039840175000000005
GP018291/00165.jpg,2,0.606688,0.51407,0.009419075,0.035939275
