image,label,x,y,width,height
GP018291/00186.jpg,1,0.5941307,0.5270479,0.017190419999999998,0.03369502
GP018291/00186.jpg,2,0.5943946999999999,0.5108254999999999,0.007700691,0.03298703
