image,label,x,y,width,height
GP018291/00112.jpg,1,0.6406040000000001,0.5317396111111112,0.02025823333333333,0.050031311111111115
GP018291/00112.jpg,2,0.6387434999999999,0.5129203333333333,0.012792598333333334,0.04599530000000001
