image,label,x,y,width,height
GP018291/00058.jpg,1,0.32939074999999995,0.65932875,0.2761,0.33507675000000003
GP018291/00058.jpg,1,0.7962859999999999,0.6183066666666667,0.194955,0.28179633333333337
GP018291/00058.jpg,2,0.3669420000000001,0.5279832499999999,0.06881489999999998,0.30441275
GP018291/00058.jpg,2,0.7994793333333333,0.5179766666666668,0.04703063333333333,0.24494899999999997
