image,label,x,y,width,height
GP018291/00047.jpg,1,0.7478484999999999,0.63224525,0.21380300000000002,0.2682805
GP018291/00047.jpg,1,0.95915075,0.577204,0.079759475,0.15710575
GP018291/00047.jpg,2,0.7396754999999999,0.517292,0.052087075,0.243266
GP018291/00047.jpg,2,0.96580925,0.51159875,0.03143485,0.15259
