image,label,x,y,width,height
GP018291/00212.jpg,1,0.7285204999999999,0.63038,0.2376265,0.31378225
GP018291/00212.jpg,2,0.7129789999999999,0.518679,0.048483475,0.287107
