image,label,x,y,width,height
GP018291/00157.jpg,1,0.71567725,0.5423255,0.0359832,0.06925875
GP018291/00157.jpg,2,0.7159992500000001,0.51404475,0.01336975,0.0644789
