image,label,x,y,width,height
GP018291/00238.jpg,1,0.31026200000000004,0.52896375,0.020053225,0.060579999999999995
GP018291/00238.jpg,2,0.31109499999999995,0.50582825,0.010569175,0.04818465000000001
