image,label,x,y,width,height
GP018291/00251.jpg,1,0.6262027916666667,0.5303080833333335,0.018884304166666668,0.04541915833333335
GP018291/00251.jpg,2,0.6247025416666666,0.5133954583333333,0.010252062083333334,0.0410416375
