image,label,x,y,width,height
GP018291/00025.jpg,1,0.63572625,0.52939925,0.017898825,0.045513175
GP018291/00025.jpg,2,0.63661625,0.51443675,0.011376165,0.039248575
