image,label,x,y,width,height
GP018291/00261.jpg,1,0.6223976999999999,0.6158007999999999,0.16448990000000002,0.200196
GP018291/00261.jpg,2,0.6167442,0.5195747000000001,0.05702693000000001,0.17898309999999998
