image,label,x,y,width,height
GP018291/00143.jpg,1,0.5146772500000001,0.5364184999999999,0.05045915,0.06299465
GP018291/00143.jpg,2,0.51366375,0.51053125,0.012058904999999998,0.06216427500000001
