image,label,x,y,width,height
GP018291/00241.jpg,1,0.494062,0.5634520000000001,0.0458741,0.103797725
GP018291/00241.jpg,2,0.50483925,0.5140560000000001,0.036599425,0.08957679999999997
