image,label,x,y,width,height
GP018291/00183.jpg,1,0.39562483333333337,0.5251838333333333,0.02622566666666666,0.0325304
GP018291/00183.jpg,2,0.3980598333333334,0.5110215,0.007009111666666666,0.03249693333333333
