image,label,x,y,width,height
GP018291/00232.jpg,1,0.6337538333333333,0.5311721666666666,0.02046895,0.04418135
GP018291/00232.jpg,2,0.6315185000000001,0.5117275,0.009728963333333332,0.042142466666666684
