image,label,x,y,width,height
GP018291/00061.jpg,1,0.327828,0.5482779999999999,0.0425514,0.0951457
GP018291/00061.jpg,1,0.797095,0.607796,0.207438,0.289723
GP018291/00061.jpg,2,0.32051399999999997,0.5093840000000001,0.0215416,0.07778810000000001
GP018291/00061.jpg,2,0.796766,0.529794,0.0487314,0.24515
