image,label,x,y,width,height
GP018291/00198.jpg,1,0.4883211304347826,0.5299997826086956,0.011228824347826086,0.046568304347826085
GP018291/00198.jpg,2,0.4887677826086957,0.5111412173913044,0.013796618695652177,0.04600673478260869
