image,label,x,y,width,height
GP018291/00129.jpg,1,0.8659551428571429,0.6491439999999999,0.1724372857142857,0.3333714285714286
GP018291/00129.jpg,2,0.9009464285714286,0.5108705714285714,0.07258382857142857,0.31489285714285714
