image,label,x,y,width,height
GP018291/00255.jpg,1,0.494747,0.5299756470588236,0.012160300588235293,0.04941847647058823
GP018291/00255.jpg,2,0.4938102352941177,0.5124264117647059,0.016111617647058825,0.04450820000000001
