image,label,x,y,width,height
GP018291/00202.jpg,1,0.5573248095238095,0.5793812380952382,0.04902621904761904,0.21831661904761904
GP018291/00202.jpg,2,0.5593838571428572,0.5144014285714287,0.04962020000000001,0.17765447619047622
