image,label,x,y,width,height
GP018291/00012.jpg,1,0.9950370000000001,0.568579,0.00545189,0.07970139999999999
GP018291/00012.jpg,2,0.991402,0.5243359999999999,0.014797999999999999,0.15312699999999999
