image,label,x,y,width,height
GP018291/00011.jpg,1,0.8776116666666667,0.5517118333333334,0.07235763333333332,0.12372933333333334
GP018291/00011.jpg,2,0.8759648333333333,0.5177416666666667,0.0233182,0.10642116666666668
