image,label,x,y,width,height
GP018291/00240.jpg,1,0.2592154090909091,0.5614413181818182,0.09443939545454548,0.11799704545454548
GP018291/00240.jpg,2,0.2614236363636363,0.5105718181818183,0.034161222727272726,0.10636965454545456
