image,label,x,y,width,height
GP018291/00131.jpg,1,0.9401141666666666,0.5609098333333333,0.07866360000000001,0.12319216666666664
GP018291/00131.jpg,2,0.9343235000000001,0.5211285,0.0348972,0.11741016666666665
