image,label,x,y,width,height
GP018291/00036.jpg,1,0.4868511052631581,0.5257643684210526,0.010841856842105264,0.04208069473684211
GP018291/00036.jpg,2,0.4869689473684211,0.5117929999999999,0.012467635789473684,0.03945
