image,label,x,y,width,height
GP018291/00219.jpg,1,0.7639183333333334,0.6164068333333333,0.2454553333333333,0.33436675000000005
GP018291/00219.jpg,2,0.7596705833333334,0.52354275,0.047538391666666666,0.2911755833333333
