image,label,x,y,width,height
GP018291/00060.jpg,1,0.48367675,0.55490525,0.0977262,0.1053825
GP018291/00060.jpg,1,0.7952702500000001,0.6090535,0.19530925,0.29423325
GP018291/00060.jpg,2,0.47038125,0.51463725,0.019987525,0.10270425
GP018291/00060.jpg,2,0.7998645000000001,0.5159962499999999,0.0488634,0.24204225
