image,label,x,y,width,height
GP018291/00032.jpg,1,0.34512175,0.5246721249999999,0.0148082375,0.03787335
GP018291/00032.jpg,2,0.34594212500000004,0.5059465000000001,0.01010582125,0.0350757875
