image,label,x,y,width,height
GP018291/00101.jpg,1,0.5081410000000001,0.5478971428571429,0.022958257142857142,0.09269012857142857
GP018291/00101.jpg,2,0.5081295714285714,0.5108054285714286,0.02291015714285714,0.08688684285714286
