image,label,x,y,width,height
GP018291/00172.jpg,1,0.5165048333333334,0.5294528333333334,0.03861591666666666,0.04691243333333334
GP018291/00172.jpg,2,0.5184228333333333,0.5092245000000001,0.010219006666666669,0.04439101666666667
