image,label,x,y,width,height
GP018291/00130.jpg,5,0.45988850000000003,0.6000285,0.7498564999999999,0.835592
GP018291/00130.jpg,5,0.575298,0.468621,0.0836459,0.170022
