image,label,x,y,width,height
GP018291/00132.jpg,1,0.859463142857143,0.5607577142857143,0.0652178,0.10281718571428568
GP018291/00132.jpg,2,0.8537685714285715,0.5096027142857142,0.024296571428571424,0.09716557142857142
