image,label,x,y,width,height
GP028294/00092.jpg,1,0.2415593333333333,0.6914493333333332,0.21771433333333332,0.4108266666666666
GP028294/00092.jpg,2,0.17870783333333332,0.5270239999999999,0.07727613333333333,0.3027606666666667
