image,label,x,y,width,height
GP028294/00170.jpg,1,0.2796841666666667,0.5552175,0.03053375,0.08454670000000003
GP028294/00170.jpg,2,0.2817565,0.5216835000000001,0.01849158333333333,0.065479
