image,label,x,y,width,height
GP028291/00200.jpg,1,0.5550311250000001,0.524362625,0.0246606375,0.0371559125
GP028291/00200.jpg,2,0.556127,0.510047125,0.008120202500000001,0.0316850875
