image,label,x,y,width,height
GP028294/00125.jpg,1,0.6932038333333334,0.6690045000000001,0.2994055,0.4089968333333333
GP028294/00125.jpg,2,0.6536073333333333,0.5185433333333332,0.0645752,0.3407878333333333
