image,label,x,y,width,height
GP028294/00107.jpg,1,0.3615157142857143,0.5387994285714286,0.01603515714285714,0.04794175714285714
GP028294/00107.jpg,2,0.362284,0.5163565714285714,0.01263671,0.04493581428571429
