image,label,x,y,width,height
GP028294/00088.jpg,1,0.844423125,0.5272045,0.0504438875,0.104441775
GP028294/00088.jpg,2,0.844600125,0.4912161250000001,0.0190454,0.0878461375
