image,label,x,y,width,height
GP028291/00017.jpg,1,0.13360471428571427,0.6471227142857143,0.2382048571428571,0.3758645714285713
GP028291/00017.jpg,2,0.1317154285714286,0.5033332857142857,0.07321945714285713,0.33009685714285714
