image,label,x,y,width,height
GP028291/00164.jpg,1,0.4974298333333334,0.5229378333333333,0.027054583333333337,0.03746
GP028291/00164.jpg,2,0.498808,0.5080325,0.008402793333333334,0.03358623333333333
