image,label,x,y,width,height
GP028294/00065.jpg,1,0.5395246666666667,0.5231151666666667,0.03030908333333333,0.03798538333333333
GP028294/00065.jpg,2,0.5414701666666667,0.5071776666666666,0.009817686666666669,0.03629366666666666
