image,label,x,y,width,height
GP028294/00070.jpg,1,0.809225,0.530355,0.0504001,0.091532125
GP028294/00070.jpg,2,0.8097770000000001,0.4979575000000001,0.018284625,0.076068025
