image,label,x,y,width,height
GP028291/00107.jpg,1,0.7134564285714287,0.5659017142857142,0.10647071428571428,0.15067542857142854
GP028291/00107.jpg,2,0.7143274285714286,0.5058728571428571,0.0276099,0.125403
