image,label,x,y,width,height
GP028291/00117.jpg,1,0.5985661428571429,0.5275039999999999,0.021443700000000003,0.03505857142857143
GP028291/00117.jpg,2,0.5966408571428572,0.5126809999999999,0.007384934285714286,0.02996798571428572
