image,label,x,y,width,height
GP028294/00132.jpg,1,0.4477812222222222,0.5580296666666666,0.05756101111111112,0.0966498
GP028294/00132.jpg,1,0.707182,0.6431858888888891,0.2966916666666667,0.4111765555555555
GP028294/00132.jpg,2,0.4390985555555556,0.5161333333333333,0.020015977777777774,0.08334552222222222
GP028294/00132.jpg,2,0.6834964444444445,0.5170417777777777,0.05810066666666666,0.3195723333333333
