image,label,x,y,width,height
GP028294/00051.jpg,1,0.5486345,0.5350185000000001,0.049979125,0.07303185
GP028294/00051.jpg,2,0.548294,0.5098425,0.0123446125,0.05923355
