image,label,x,y,width,height
GP028291/00005.jpg,1,0.5726510000000001,0.5263747619047621,0.030425052380952382,0.03616966190476191
GP028291/00005.jpg,2,0.5691390952380952,0.5146169523809524,0.007757308095238095,0.033248733333333336
