image,label,x,y,width,height
GP028291/00075.jpg,1,0.57699,0.5255393333333332,0.024519633333333332,0.04017684166666667
GP028291/00075.jpg,2,0.5782340833333334,0.5123794999999999,0.007697444166666669,0.035753691666666663
