image,label,x,y,width,height
GP028294/00003.jpg,1,0.2727828571428571,0.5596708571428571,0.03387004285714286,0.08180805714285712
GP028294/00003.jpg,2,0.2766298571428571,0.5235321428571428,0.0220517,0.07133188571428573
