image,label,x,y,width,height
GP028291/00027.jpg,1,0.517744,0.535519,0.0611721,0.0655091
GP028291/00027.jpg,2,0.516278,0.511642,0.0115972,0.05571330000000001
