image,label,x,y,width,height
GP028294/00146.jpg,1,0.14010699999999998,0.5885517499999999,0.10295750000000001,0.14517750000000001
GP028294/00146.jpg,1,0.73208675,0.64050875,0.2233325,0.334928
GP028294/00146.jpg,2,0.1394425,0.5360355,0.026918125,0.12983375
GP028294/00146.jpg,2,0.76316625,0.50850775,0.061380875,0.285367
