image,label,x,y,width,height
GP028291/00007.jpg,1,0.4682596,0.5234528,0.02548914,0.03727584
GP028291/00007.jpg,2,0.4671134,0.5078728000000001,0.006626742000000001,0.03296734
