image,label,x,y,width,height
GP028291/00132.jpg,1,0.104618,0.48301499999999997,0.0140107,0.047338099999999994
GP028291/00132.jpg,1,0.4697608181818182,0.5381647272727274,0.04918061818181818,0.06722532727272727
GP028291/00132.jpg,2,0.103001,0.45564799999999994,0.0110854,0.0480777
GP028291/00132.jpg,2,0.4771705454545454,0.511019909090909,0.014848235454545456,0.060139636363636374
