image,label,x,y,width,height
GP028291/00146.jpg,1,0.5652825714285714,0.5815242857142857,0.059826371428571425,0.17931771428571427
GP028291/00146.jpg,2,0.5565111428571429,0.505293,0.04612354285714286,0.15256271428571427
