image,label,x,y,width,height
GP028291/00084.jpg,1,0.3577690000000001,0.5229823913043479,0.011696312608695652,0.0370506347826087
GP028291/00084.jpg,2,0.35902817391304337,0.5085621304347826,0.008498362608695655,0.034187595652173906
