image,label,x,y,width,height
GP028291/00249.jpg,1,0.6121323333333334,0.6056816666666666,0.12735966666666668,0.186606
GP028291/00249.jpg,2,0.6017655,0.5146595,0.05503871666666666,0.164877
