image,label,x,y,width,height
GP028291/00266.jpg,1,0.654106125,0.5816557499999999,0.1134056625,0.206361925
GP028291/00266.jpg,2,0.6681836250000001,0.514378125,0.0408341875,0.17230245000000002
