image,label,x,y,width,height
GP028291/00004.jpg,1,0.6123583333333333,0.5275491111111111,0.014347588888888891,0.04346791111111112
GP028291/00004.jpg,2,0.611089,0.511710125,0.0083621175,0.033300562500000006
