image,label,x,y,width,height
GP028294/00158.jpg,1,0.465514,0.5289780000000001,0.02839616,0.03799676
GP028294/00158.jpg,2,0.46668059999999995,0.5147858000000001,0.006725406000000001,0.03374152
