image,label,x,y,width,height
GP028294/00096.jpg,1,0.3876545,0.5322315,0.01703825,0.044538875000000006
GP028294/00096.jpg,2,0.38922975,0.513767,0.008171005,0.03588745
