image,label,x,y,width,height
GP028291/00036.jpg,1,0.326961,0.5287698333333334,0.016497283333333338,0.04681563333333333
GP028291/00036.jpg,2,0.3279383333333333,0.5044641666666667,0.011991629999999998,0.045507983333333335
