image,label,x,y,width,height
GP028294/00057.jpg,1,0.3934105,0.546713,0.047841575,0.0589129875
GP028294/00057.jpg,2,0.3900715,0.5164326250000001,0.013969166249999998,0.057081787500000016
