image,label,x,y,width,height
GP028294/00175.jpg,1,0.4805086,0.5281397999999999,0.0193875,0.03644734
GP028294/00175.jpg,2,0.4813170000000001,0.5129931999999999,0.005525061999999999,0.0313924
