image,label,x,y,width,height
GP028291/00090.jpg,1,0.525621,0.5614983333333333,0.030288483333333338,0.12972733333333333
GP028291/00090.jpg,2,0.5276928333333334,0.5057189999999999,0.0340079,0.10934058333333334
