image,label,x,y,width,height
GP028291/00172.jpg,1,0.07627576,0.626192,0.1473688,0.3226208
GP028291/00172.jpg,2,0.04386984,0.4982810000000001,0.0644214,0.318135
