image,label,x,y,width,height
GP028294/00074.jpg,1,0.7543746666666667,0.5401511666666666,0.022099016666666662,0.08687611666666667
GP028294/00074.jpg,2,0.7547929999999999,0.49541499999999994,0.023965266666666662,0.08490949999999997
