image,label,x,y,width,height
GP028294/00150.jpg,1,0.95363975,0.54441125,0.07101885,0.14280199999999998
GP028294/00150.jpg,2,0.9398885,0.48992625,0.02529825,0.11761725
