image,label,x,y,width,height
GP028291/00247.jpg,1,0.5381026666666666,0.5589209999999999,0.03629483333333333,0.16468466666666665
GP028291/00247.jpg,2,0.5397635000000001,0.5049496666666666,0.04157961666666666,0.12739075
