image,label,x,y,width,height
GP028291/00045.jpg,1,0.6959605000000001,0.53711775,0.030642425,0.05990785000000001
GP028291/00045.jpg,2,0.6963674999999999,0.5110819999999999,0.01424646,0.05894259999999999
