image,label,x,y,width,height
GP028294/00082.jpg,1,0.4222361851851852,0.5280563333333332,0.02257187851851852,0.03808036666666666
GP028294/00082.jpg,2,0.4215415384615385,0.5137832307692306,0.006445082692307693,0.029861123076923075
