image,label,x,y,width,height
GP028291/00061.jpg,1,0.5847965,0.5335300000000001,0.04289815,0.052552625
GP028291/00061.jpg,2,0.58719725,0.5117492499999999,0.0092898675,0.0432457
