image,label,x,y,width,height
GP028294/00094.jpg,1,0.2600924285714286,0.5599367142857142,0.04193581428571429,0.09254995714285713
GP028294/00094.jpg,2,0.2644042857142857,0.525532,0.018126057142857144,0.07268922857142858
