image,label,x,y,width,height
GP028291/00195.jpg,1,0.33046725,0.5279365,0.016189224999999998,0.047408675
GP028291/00195.jpg,2,0.33201600000000003,0.506703,0.0090599825,0.040738575
