image,label,x,y,width,height
GP028294/00010.jpg,1,0.5080056,0.5333966666666667,0.012308802666666663,0.05615388
GP028294/00010.jpg,2,0.5078494375,0.5100148125,0.015719762499999998,0.04861136875
