image,label,x,y,width,height
GP028291/00134.jpg,1,0.6239982500000001,0.53279775,0.012722895,0.039215125
GP028291/00134.jpg,2,0.6243340000000001,0.5114865,0.011829172500000002,0.040166975
