image,label,x,y,width,height
GP028291/00156.jpg,1,0.6398925999999999,0.5306418,0.01664718,0.04737549
GP028291/00156.jpg,2,0.6389066,0.5094583000000001,0.01131466,0.04323797
