image,label,x,y,width,height
GP028294/00130.jpg,1,0.7974785555555554,0.5961651111111111,0.1980610388888889,0.2841268333333333
GP028294/00130.jpg,2,0.7174727272727274,0.5045326363636363,0.04786518181818182,0.28596336363636365
GP028294/00130.jpg,2,0.8772975714285715,0.4978532857142857,0.022674114285714284,0.13015528571428572
