image,label,x,y,width,height
GP028294/00129.jpg,1,0.6587769166666667,0.6483375,0.32044975000000003,0.4602849166666666
GP028294/00129.jpg,2,0.65660925,0.5143953333333333,0.06566786666666667,0.3473509166666667
