image,label,x,y,width,height
GP028291/00196.jpg,1,0.3447728181818182,0.5266997272727273,0.014588136363636362,0.04023138181818182
GP028291/00196.jpg,2,0.3454875909090909,0.5075625909090911,0.009916334545454543,0.0391793090909091
