image,label,x,y,width,height
GP028291/00151.jpg,1,0.6551993181818182,0.5335459999999999,0.03579441818181818,0.05533816363636363
GP028291/00151.jpg,2,0.6536961818181818,0.5100695454545453,0.013373036363636364,0.05294109090909091
