image,label,x,y,width,height
GP028291/00062.jpg,1,0.6951653636363635,0.5374553636363637,0.03628889090909091,0.0610725909090909
GP028291/00062.jpg,2,0.6935289090909089,0.5115528181818182,0.013000972727272726,0.05473370909090911
