image,label,x,y,width,height
GP028294/00054.jpg,1,0.1181,0.490537,0.020636900000000003,0.051120099999999995
GP028294/00054.jpg,1,0.5723187777777778,0.5361403333333332,0.047294666666666665,0.060778800000000015
GP028294/00054.jpg,2,0.113693,0.46291099999999996,0.00709394,0.0423419
GP028294/00054.jpg,2,0.5737899999999999,0.508508888888889,0.011474257777777778,0.05725174444444444
