image,label,x,y,width,height
GP028294/00078.jpg,1,0.61415825,0.5217817499999999,0.024183375,0.03864845
GP028294/00078.jpg,2,0.6112895,0.5058772500000001,0.007574289999999998,0.033860575000000004
