image,label,x,y,width,height
GP028291/00086.jpg,1,0.467674,0.5253395000000001,0.019610525,0.039978525
GP028291/00086.jpg,2,0.46662375,0.5104977500000001,0.0071822975,0.033591699999999995
