image,label,x,y,width,height
GP028294/00110.jpg,1,0.4835445238095238,0.5273478095238096,0.01904649523809524,0.035782700000000014
GP028294/00110.jpg,2,0.4840215714285713,0.5110369047619048,0.007403155238095238,0.0330543619047619
