image,label,x,y,width,height
GP028294/00166.jpg,1,0.9654025833333334,0.6326844166666666,0.059316925,0.22436313333333333
GP028294/00166.jpg,2,0.9874275454545456,0.4473932727272727,0.023152354545454543,0.12644442727272726
