image,label,x,y,width,height
GP028291/00131.jpg,1,0.32368945000000005,0.5453197999999999,0.06915065,0.097757285
GP028291/00131.jpg,2,0.33249320000000004,0.5102581499999999,0.022199655,0.092226775
