image,label,x,y,width,height
GP028291/00184.jpg,1,0.4883968333333333,0.532093,0.04852165,0.07044886666666668
GP028291/00184.jpg,2,0.4876756666666667,0.5099558333333334,0.011683388333333334,0.05756021666666668
