image,label,x,y,width,height
GP028291/00192.jpg,1,0.40635679999999996,0.5361712666666667,0.04985693333333333,0.06588545333333334
GP028291/00192.jpg,2,0.4027499333333333,0.5115118000000001,0.01623922666666667,0.06348414
