image,label,x,y,width,height
GP028294/00105.jpg,1,0.4138246666666667,0.5542011666666666,0.04856696666666666,0.07306738333333332
GP028294/00105.jpg,2,0.4061171666666667,0.5174388333333333,0.017733033333333332,0.06856386666666665
