image,label,x,y,width,height
GP028291/00082.jpg,1,0.30528925,0.529221,0.015911675,0.05871669999999999
GP028291/00082.jpg,2,0.30708850000000004,0.504019,0.010979825,0.053878575
