image,label,x,y,width,height
GP028291/00025.jpg,1,0.6344711000000001,0.539153,0.05383741,0.05948498
GP028291/00025.jpg,2,0.6337613000000001,0.5112387999999999,0.013926614,0.05745689
