image,label,x,y,width,height
GP028294/00081.jpg,1,0.4813674,0.523848,0.03017392,0.03653992
GP028294/00081.jpg,2,0.4786285,0.5107579000000001,0.007053978999999998,0.0307603
