image,label,x,y,width,height
GP028291/00077.jpg,1,0.6526401428571429,0.5356597142857142,0.022043414285714286,0.04601045714285714
GP028291/00077.jpg,2,0.6525008571428571,0.511642,0.010070494285714288,0.04014664285714286
