image,label,x,y,width,height
GP028291/00211.jpg,1,0.5667083809523809,0.5248955714285715,0.02763150952380952,0.039186123809523805
GP028291/00211.jpg,2,0.5652488571428571,0.5097559523809524,0.008472534285714286,0.033850290476190474
