image,label,x,y,width,height
GP028291/00048.jpg,1,0.90818375,0.60702,0.1816,0.188361
GP028291/00048.jpg,2,0.8886775,0.51435275,0.0415996,0.16791124999999998
