image,label,x,y,width,height
GP028291/00240.jpg,1,0.40628975,0.524696,0.0305072,0.037950725000000005
GP028291/00240.jpg,2,0.40854775,0.5073285000000001,0.0077060775,0.03576005
