image,label,x,y,width,height
GP028294/00106.jpg,1,0.3480172,0.542867,0.01532888,0.06581326
GP028294/00106.jpg,2,0.348076,0.516993,0.02116266,0.05902538
