image,label,x,y,width,height
GP028294/00050.jpg,1,0.6039361999999999,0.5366785999999999,0.05608268000000001,0.06095024
GP028294/00050.jpg,2,0.6021422000000001,0.5052578000000001,0.013426946,0.05624036
