image,label,x,y,width,height
GP028294/00059.jpg,1,0.354195,0.539547,0.015547125,0.05066245
GP028294/00059.jpg,2,0.3555705,0.5165715,0.013534575,0.045013625
