image,label,x,y,width,height
GP028294/00031.jpg,1,0.4935996666666666,0.5257906666666666,0.007806893333333333,0.03761726666666667
GP028294/00031.jpg,2,0.4929790000000001,0.5100463333333333,0.01025074,0.031499000000000006
