image,label,x,y,width,height
GP028291/00205.jpg,1,0.9592956666666668,0.5973588333333333,0.06382458333333334,0.16213666666666668
GP028291/00205.jpg,2,0.9654235000000001,0.5268576666666667,0.04795291666666667,0.14428733333333332
