image,label,x,y,width,height
GP028291/00190.jpg,1,0.5217107000000001,0.5353874999999999,0.051302710000000015,0.06337374
GP028291/00190.jpg,2,0.5184353,0.5112185,0.012480933,0.05911880000000001
