image,label,x,y,width,height
GP028294/00157.jpg,1,0.4009323333333333,0.5334741666666666,0.025804,0.03943128333333334
GP028294/00157.jpg,2,0.4020673333333333,0.5155436666666667,0.008019196666666666,0.034574350000000004
