image,label,x,y,width,height
GP028291/00083.jpg,1,0.335675,0.5278579999999999,0.012808616666666666,0.04023709999999999
GP028291/00083.jpg,2,0.33668566666666666,0.5118498333333333,0.01161285,0.037389566666666665
