image,label,x,y,width,height
GP028294/00152.jpg,1,0.7317016000000001,0.5291142,0.061203739999999986,0.07059034
GP028294/00152.jpg,2,0.7235074,0.5041081999999999,0.01247076,0.06420516
