image,label,x,y,width,height
GP028294/00049.jpg,1,0.66764975,0.53315475,0.055764325,0.057237125
GP028294/00049.jpg,2,0.66457875,0.50515025,0.0110743975,0.0563987
