image,label,x,y,width,height
GP028294/00145.jpg,1,0.37715,0.5662144285714287,0.08763994285714287,0.10848557142857143
GP028294/00145.jpg,1,0.6715332857142856,0.6384024285714285,0.22691042857142854,0.38277328571428576
GP028294/00145.jpg,2,0.3746751428571428,0.5240837142857143,0.018400214285714287,0.09453029999999997
GP028294/00145.jpg,2,0.6903341428571428,0.5116122857142856,0.06049105714285714,0.3241641428571428
