image,label,x,y,width,height
GP028291/00154.jpg,1,0.6393949999999999,0.5452405,0.056664625,0.07113420000000001
GP028291/00154.jpg,2,0.6475744999999999,0.5157535,0.016201550000000002,0.06239265
