image,label,x,y,width,height
GP028291/00029.jpg,1,0.5180748000000002,0.5346821999999999,0.050319300000000004,0.0706586
GP028291/00029.jpg,2,0.5172504,0.5113492000000001,0.01170181,0.05693530000000001
