image,label,x,y,width,height
GP028291/00219.jpg,1,0.7649186818181818,0.539419590909091,0.04469989545454545,0.08809192727272726
GP028291/00219.jpg,2,0.7640597272727274,0.5074959090909091,0.016311954545454546,0.08184443636363638
