image,label,x,y,width,height
GP028294/00077.jpg,1,0.6535475714285713,0.523926,0.018053142857142858,0.040953585714285715
GP028294/00077.jpg,2,0.6513611428571429,0.5044617142857142,0.009318134285714286,0.03755611428571429
