image,label,x,y,width,height
GP028294/00143.jpg,1,0.6648306842105263,0.5964786842105263,0.1727538210526316,0.2790064210526316
GP028294/00143.jpg,2,0.668995105263158,0.5089521052631579,0.04162723,0.2266436421052632
