image,label,x,y,width,height
GP028291/00040.jpg,1,0.4085432857142858,0.5233832857142857,0.029975285714285718,0.0340612
GP028291/00040.jpg,2,0.4102077142857143,0.5092172857142857,0.006733167142857143,0.032814557142857144
