image,label,x,y,width,height
GP028294/00168.jpg,1,0.03455216,0.6345482,0.06777898,0.21801420000000002
GP028294/00168.jpg,2,0.03971756,0.5508626000000001,0.04205974,0.181527
