image,label,x,y,width,height
GP028291/00255.jpg,1,0.4027305500000001,0.5562876000000001,0.10746019999999999,0.12430785
GP028291/00255.jpg,1,0.9779556923076924,0.57009,0.04229895384615385,0.16293669230769228
GP028291/00255.jpg,2,0.4033529000000001,0.51344625,0.021958195,0.11156116499999998
GP028291/00255.jpg,2,0.990719846153846,0.5229423846153846,0.016917176923076926,0.127352
