image,label,x,y,width,height
GP028294/00046.jpg,1,0.8290745000000002,0.53489125,0.0546837625,0.08404468749999999
GP028294/00046.jpg,2,0.824112875,0.4959107500000001,0.01834605,0.0802289875
