image,label,x,y,width,height
GP028294/00180.jpg,1,0.5234409999999999,0.541234,0.017265700000000002,0.0591905
GP028294/00180.jpg,2,0.522951,0.5116390000000001,0.0158923,0.0526138
