image,label,x,y,width,height
GP028291/00091.jpg,1,0.5380969999999999,0.5790105,0.03352931666666667,0.15036166666666667
GP028291/00091.jpg,2,0.5387274999999999,0.5015508333333333,0.03811903333333333,0.13576006666666665
