image,label,x,y,width,height
GP028294/00115.jpg,1,0.5504736875,0.579450875,0.03608879375,0.15785693750000002
GP028294/00115.jpg,2,0.5502858124999999,0.5133379375,0.0422443125,0.1369866875
