image,label,x,y,width,height
GP028294/00076.jpg,1,0.6877948333333332,0.5248753333333332,0.02085773333333333,0.055011199999999996
GP028294/00076.jpg,2,0.6857146666666667,0.5004265,0.012143438333333331,0.0486474
