image,label,x,y,width,height
GP028294/00167.jpg,1,0.36637994736842106,0.7079905263157895,0.3226463157894737,0.4291895789473684
GP028294/00167.jpg,2,0.3255024736842104,0.5615508421052633,0.09110655789473683,0.4009279473684211
