image,label,x,y,width,height
GP028291/00014.jpg,1,0.424237125,0.543286625,0.04128967375,0.0630292625
GP028291/00014.jpg,2,0.4188217142857144,0.5116691428571427,0.012730171428571429,0.06208298571428573
