image,label,x,y,width,height
GP028291/00137.jpg,1,0.50802025,0.52484825,0.02263425,0.039528075
GP028291/00137.jpg,2,0.50803275,0.5104415,0.0081349075,0.0363806
