image,label,x,y,width,height
GP028294/00142.jpg,1,0.7124112499999999,0.6743477500000001,0.30336825,0.34235475
GP028294/00142.jpg,2,0.69173075,0.5163705,0.0618471,0.33142775
