image,label,x,y,width,height
GP028291/00202.jpg,1,0.6509550000000001,0.5307875,0.022886725,0.0533399
GP028291/00202.jpg,2,0.6517872499999999,0.5107214999999999,0.00881808,0.0446286
