image,label,x,y,width,height
GP028291/00032.jpg,1,0.4608755,0.5385445,0.0550334,0.06433305
GP028291/00032.jpg,2,0.4764419999999999,0.49714040000000004,0.010982588,0.050535000000000004
