image,label,x,y,width,height
GP028291/00122.jpg,1,0.3955457727272727,0.5273274090909091,0.02581310909090909,0.05221597727272727
GP028291/00122.jpg,2,0.3940442272727273,0.5078888181818181,0.010278146363636366,0.04461999090909091
