image,label,x,y,width,height
GP028291/00224.jpg,1,0.08075085238095239,0.5553178571428571,0.07228995714285713,0.17690790476190474
GP028291/00224.jpg,2,0.08831912380952384,0.4941388095238096,0.03338201904761905,0.15556857142857144
