image,label,x,y,width,height
GP028294/00128.jpg,1,0.7033448,0.6668881999999999,0.29510580000000003,0.41366720000000007
GP028294/00128.jpg,2,0.6572085999999999,0.519369,0.07097326,0.34865900000000005
