image,label,x,y,width,height
GP028291/00067.jpg,1,0.36189928571428576,0.6863055000000001,0.3815103571428572,0.4242691428571428
GP028291/00067.jpg,2,0.3256498571428571,0.5231709285714287,0.09411504285714284,0.41609364285714295
