image,label,x,y,width,height
GP028291/00126.jpg,1,0.9119348571428572,0.5549982857142858,0.06634445714285714,0.11897057142857145
GP028291/00126.jpg,2,0.9145047142857144,0.5110078571428571,0.021721585714285712,0.11757742857142855
