image,label,x,y,width,height
GP028291/00068.jpg,1,0.017179325,0.588534,0.033169175,0.16456300000000001
GP028291/00068.jpg,2,0.01372295,0.51472875,0.02524685,0.1940495
