image,label,x,y,width,height
GP028291/00162.jpg,1,0.45737525,0.5227005,0.020066,0.037421625
GP028291/00162.jpg,2,0.4567,0.50905625,0.0063647925,0.031159575
