image,label,x,y,width,height
GP028291/00230.jpg,1,0.552405,0.524354,0.0268783,0.043719
GP028291/00230.jpg,2,0.554349,0.514139,0.00879038,0.0404503
