image,label,x,y,width,height
GP028294/00080.jpg,1,0.5173185,0.5226765,0.0326445,0.03719125
GP028294/00080.jpg,2,0.51469075,0.51045325,0.0078489075,0.03308825
