image,label,x,y,width,height
GP028294/00113.jpg,1,0.510301,0.5403922499999999,0.0158529,0.068600775
GP028294/00113.jpg,2,0.5111735,0.5120530000000001,0.0206598,0.060938125
