image,label,x,y,width,height
GP028291/00226.jpg,1,0.3260081428571429,0.5298108571428571,0.017187242857142855,0.050699914285714284
GP028291/00226.jpg,2,0.3275538571428571,0.5071334285714285,0.011665245714285715,0.0439574
