image,label,x,y,width,height
GP028294/00023.jpg,1,0.6123040952380954,0.5371381428571428,0.059970604761904765,0.07341459047619049
GP028294/00023.jpg,2,0.6146719523809524,0.5085820952380952,0.014639909047619047,0.06237768095238098
