image,label,x,y,width,height
GP028294/00011.jpg,1,0.5112020476190478,0.5354220476190478,0.017235076190476192,0.06691010952380952
GP028294/00011.jpg,2,0.5118191904761904,0.5104001428571429,0.017528610476190483,0.057688138095238074
