image,label,x,y,width,height
GP028294/00028.jpg,1,0.5533348000000001,0.5220146,0.02725088,0.03635592
GP028294/00028.jpg,2,0.5514355999999999,0.5087882,0.007172240000000002,0.0309833
