image,label,x,y,width,height
GP028294/00038.jpg,1,0.4851311666666666,0.5420013333333333,0.03927498333333333,0.071556
GP028294/00038.jpg,2,0.4845463333333333,0.512166,0.013684466666666669,0.06112576666666665
