image,label,x,y,width,height
GP028291/00185.jpg,1,0.4879635,0.5333431666666666,0.046245800000000004,0.06282681666666666
GP028291/00185.jpg,2,0.4872821666666667,0.5075895,0.01376075,0.056198100000000015
