image,label,x,y,width,height
GP028291/00198.jpg,1,0.3988046,0.52045455,0.0262720545,0.039723565
GP028291/00198.jpg,2,0.4006157500000001,0.5069830500000001,0.009433372500000002,0.035713715000000014
