image,label,x,y,width,height
GP028291/00047.jpg,1,0.959369,0.570787,0.0565986,0.12689
GP028291/00047.jpg,2,0.963744,0.513588,0.023241,0.122945
