image,label,x,y,width,height
GP028291/00170.jpg,1,0.239704,0.5461077999999999,0.07680108,0.1142194
GP028291/00170.jpg,2,0.23643760000000003,0.5075582000000001,0.01998698,0.09658378
