image,label,x,y,width,height
GP028291/00049.jpg,1,0.7062573999999999,0.5683271999999999,0.03834434,0.1229698
GP028291/00049.jpg,2,0.700862,0.5097102,0.034839300000000004,0.11178
