image,label,x,y,width,height
GP028291/00243.jpg,1,0.492021,0.5340635,0.014974624999999997,0.067494625
GP028291/00243.jpg,2,0.49239675,0.5114215,0.0212835,0.060010450000000014
