image,label,x,y,width,height
GP028291/00221.jpg,1,0.8808613333333333,0.6190387777777777,0.10906051111111108,0.2492161111111111
GP028291/00221.jpg,2,0.8870765555555556,0.5149287777777778,0.05057578888888889,0.22487766666666664
