image,label,x,y,width,height
GP028291/00210.jpg,1,0.6140620999999999,0.5264730999999999,0.01499213,0.04147213
GP028291/00210.jpg,2,0.6123301,0.5106904000000001,0.008172945,0.03771746
