image,label,x,y,width,height
GP028291/00149.jpg,1,0.8474570000000001,0.5525351538461538,0.06597839999999999,0.10720706153846156
GP028291/00149.jpg,2,0.838791230769231,0.5142989230769229,0.024662946153846156,0.09950541538461538
