image,label,x,y,width,height
GP028291/00081.jpg,1,0.32515716666666666,0.5466203333333333,0.0337342,0.07527121666666667
GP028291/00081.jpg,2,0.3215246666666667,0.5045073333333333,0.01975641666666667,0.07223766666666666
