image,label,x,y,width,height
GP028291/00010.jpg,1,0.5120103333333333,0.5246001666666666,0.028599199999999995,0.03443481666666666
GP028291/00010.jpg,2,0.5141225,0.5090068333333334,0.00813828,0.03210228333333333
