image,label,x,y,width,height
GP028291/00218.jpg,1,0.6753210000000001,0.5322617500000001,0.033476225,0.05876535
GP028291/00218.jpg,2,0.6745065,0.51034175,0.0119043,0.05459415
