image,label,x,y,width,height
GP028291/00024.jpg,1,0.6932386666666667,0.541391,0.0485698,0.059517966666666665
GP028291/00024.jpg,2,0.6924278333333334,0.5094618333333333,0.01392735,0.05956771666666666
