image,label,x,y,width,height
GP028294/00024.jpg,1,0.7098302500000001,0.5323039999999999,0.017541275000000002,0.054750775
GP028294/00024.jpg,2,0.7111864999999999,0.5045625,0.020864575,0.0511581
