image,label,x,y,width,height
GP028291/00234.jpg,1,0.6841511111111109,0.5482985555555556,0.04320346666666667,0.07776894444444446
GP028291/00234.jpg,2,0.6852831111111111,0.5123066666666667,0.017895322222222225,0.07307917777777778
