image,label,x,y,width,height
GP028291/00258.jpg,1,0.29602009999999995,0.6311161000000001,0.152853,0.2551181
GP028291/00258.jpg,1,0.7190631111111112,0.5403672222222222,0.031134111111111112,0.06837388888888889
GP028291/00258.jpg,2,0.27011518181818184,0.5118645454545454,0.05515327272727272,0.2331600909090909
GP028291/00258.jpg,2,0.7158502,0.5149731,0.014488822000000004,0.05092926
