image,label,x,y,width,height
GP028294/00163.jpg,1,0.7744403333333333,0.5259876666666666,0.03979768333333333,0.08011288333333333
GP028294/00163.jpg,2,0.7758318333333333,0.4967373333333333,0.014608050000000003,0.06665111666666668
