image,label,x,y,width,height
GP028291/00105.jpg,1,0.6144455555555556,0.5651083333333333,0.08299454444444444,0.10656145555555556
GP028291/00105.jpg,2,0.6144172222222222,0.5118512222222222,0.01983703333333333,0.1054907111111111
