image,label,x,y,width,height
GP028291/00168.jpg,1,0.5236203333333335,0.5309269444444444,0.03036577777777778,0.06043818888888889
GP028291/00168.jpg,2,0.5245229999999999,0.5098940555555556,0.011754994444444446,0.05155739444444445
