image,label,x,y,width,height
GP028291/00108.jpg,1,0.826353875,0.566345125,0.14007325,0.17260999999999999
GP028291/00108.jpg,2,0.828191,0.512537,0.027568325,0.142907875
