image,label,x,y,width,height
GP028291/00231.jpg,1,0.6052752857142858,0.5269522857142857,0.013523102857142857,0.03692185714285714
GP028291/00231.jpg,2,0.6044510000000001,0.5115641428571428,0.009043234285714286,0.03344597142857143
