image,label,x,y,width,height
GP028291/00142.jpg,1,0.09350119999999999,0.463441,0.0219848,0.0693115
GP028291/00142.jpg,1,0.5053793333333334,0.5333141666666666,0.014043016666666665,0.07210764166666668
GP028291/00142.jpg,2,0.09468789999999999,0.44873900000000005,0.0108675,0.0549091
GP028291/00142.jpg,2,0.5057278333333334,0.5078860000000001,0.01847208333333333,0.0587665
