image,label,x,y,width,height
GP028291/00133.jpg,1,0.5700274615384614,0.5297184615384615,0.03257239,0.05466038461538461
GP028291/00133.jpg,2,0.5756912500000001,0.5078744166666667,0.012181860833333336,0.048804950000000014
