image,label,x,y,width,height
GP028291/00130.jpg,1,0.13924674999999995,0.55099975,0.098659825,0.1397005
GP028291/00130.jpg,2,0.153161,0.503888,0.028684525,0.1273365
