image,label,x,y,width,height
GP028291/00181.jpg,1,0.6197417500000001,0.53581125,0.044881475,0.05733115
GP028291/00181.jpg,2,0.61709775,0.51343575,0.0094783825,0.051753175
