image,label,x,y,width,height
GP028291/00013.jpg,1,0.5354683684210526,0.5301944210526316,0.02826447368421053,0.0525312
GP028291/00013.jpg,2,0.5345296842105263,0.5096241052631579,0.010804744210526315,0.04647967894736843
