image,label,x,y,width,height
GP028291/00209.jpg,1,0.6521815000000001,0.5324335,0.022812616666666664,0.049079000000000005
GP028291/00209.jpg,2,0.6494635,0.5110089999999999,0.011797698333333334,0.04692928333333333
