image,label,x,y,width,height
GP028291/00085.jpg,1,0.4038255,0.5229090000000001,0.027253825,0.033535025
GP028291/00085.jpg,2,0.40531575,0.5083314999999999,0.0059934275000000006,0.033259725000000004
