image,label,x,y,width,height
GP028294/00043.jpg,1,0.9927964,0.6026222,0.013029964,0.10934572
GP028294/00043.jpg,5,0.5201122499999999,0.62557875,0.505207,0.5352595
