image,label,x,y,width,height
GP028291/00099.jpg,1,0.7409678461538463,0.5544693846153848,0.055032761538461546,0.08327774615384616
GP028291/00099.jpg,2,0.7389146923076922,0.5132123846153847,0.01963327692307693,0.08029653846153846
