image,label,x,y,width,height
GP028294/00013.jpg,1,0.5105485,0.5392973333333333,0.013032333333333337,0.06194943333333334
GP028294/00013.jpg,2,0.5106483333333333,0.5110635000000001,0.01814556666666666,0.05755830000000001
