image,label,x,y,width,height
GP028291/00171.jpg,1,0.04898249,0.5679293999999999,0.08965567999999999,0.15330510000000003
GP028291/00171.jpg,2,0.04319805,0.5084468999999999,0.02774518,0.14948440000000002
