image,label,x,y,width,height
GP028294/00048.jpg,1,0.7252564285714285,0.5294775714285713,0.04826970952380952,0.06748535714285715
GP028294/00048.jpg,2,0.724518238095238,0.4998334761904761,0.014779047619047615,0.0627278
