image,label,x,y,width,height
GP028294/00002.jpg,1,0.2800081666666667,0.5817861666666667,0.04571965,0.12425633333333334
GP028294/00002.jpg,2,0.271955,0.5204893333333332,0.03057821666666666,0.1006401
