image,label,x,y,width,height
GP028294/00147.jpg,1,0.026869442857142857,0.6639994285714286,0.0493183,0.2760557142857143
GP028294/00147.jpg,1,0.85542575,0.6103078749999999,0.154784375,0.272662
GP028294/00147.jpg,2,0.01596781428571429,0.5053962857142857,0.029445157142857142,0.15498742857142855
GP028294/00147.jpg,2,0.8741518749999999,0.496920375,0.050216599999999986,0.203723
