image,label,x,y,width,height
GP028291/00059.jpg,1,0.3840265000000001,0.5299973333333333,0.03248273333333333,0.04319993333333333
GP028291/00059.jpg,2,0.383487,0.5086961666666666,0.010166234999999996,0.039637599999999995
