image,label,x,y,width,height
GP028291/00056.jpg,1,0.47239875,0.5231127499999999,0.026864075,0.039621175
GP028291/00056.jpg,2,0.47107,0.50786575,0.0081293675,0.032708025
