image,label,x,y,width,height
GP028291/00009.jpg,1,0.4797008333333333,0.5241931666666666,0.02753783333333333,0.03552565
GP028291/00009.jpg,2,0.480594,0.5090404999999999,0.007557515,0.03210718333333333
