image,label,x,y,width,height
GP028291/00118.jpg,1,0.5375462500000001,0.524195,0.027257175,0.034228825000000004
GP028291/00118.jpg,2,0.535134,0.51082675,0.0061068875,0.031012575
