image,label,x,y,width,height
GP028294/00171.jpg,1,0.3299229,0.5427147999999999,0.02222131,0.06316126
GP028294/00171.jpg,2,0.3326953,0.5173656,0.01365854,0.05375861
