image,label,x,y,width,height
GP028291/00263.jpg,1,0.54990075,0.5694518749999999,0.10556375,0.1907720125
GP028291/00263.jpg,2,0.564066375,0.5112991250000001,0.04209862,0.16669436249999994
