image,label,x,y,width,height
GP028291/00072.jpg,1,0.37971689473684217,0.5211057368421053,0.02642980000000001,0.03963470526315789
GP028291/00072.jpg,2,0.381936,0.5078015263157895,0.007797133684210525,0.03428938947368422
