image,label,x,y,width,height
GP028291/00233.jpg,1,0.6843825,0.53698375,0.0228162,0.05939439999999999
GP028291/00233.jpg,2,0.68508725,0.5123892499999999,0.015119125,0.060595775
