image,label,x,y,width,height
GP028291/00071.jpg,1,0.34829599999999994,0.5239792000000001,0.009754482,0.04147922
GP028291/00071.jpg,2,0.3495115999999999,0.5065812000000001,0.0088383,0.03685786
