image,label,x,y,width,height
GP028294/00001.jpg,1,0.51086425,0.584014,0.142388,0.167884
GP028294/00001.jpg,2,0.50057625,0.5131755,0.02984265,0.15049625
