image,label,x,y,width,height
GP028294/00039.jpg,1,0.33213825,0.56024875,0.0710779,0.114317
GP028294/00039.jpg,2,0.32801400000000003,0.52002175,0.02112285,0.09202489999999999
