image,label,x,y,width,height
GP028291/00245.jpg,1,0.526741,0.55995225,0.032389175,0.15753499999999998
GP028291/00245.jpg,2,0.5263552499999999,0.510274,0.03979715,0.126112
