image,label,x,y,width,height
GP028291/00057.jpg,1,0.4309075,0.5241574999999999,0.02803935,0.032743375
GP028291/00057.jpg,2,0.42948159999999996,0.5112508,0.0059738759999999995,0.026756322000000003
