image,label,x,y,width,height
GP028291/00076.jpg,1,0.61671825,0.5294967500000001,0.014273974999999996,0.036426675
GP028291/00076.jpg,2,0.6166695,0.5122372500000001,0.0089506225,0.033824325
