image,label,x,y,width,height
GP028291/00041.jpg,1,0.4837495,0.524068,0.029325100000000007,0.034902999999999997
GP028291/00041.jpg,2,0.48465349999999996,0.5077955000000001,0.008305995,0.03268876666666667
