image,label,x,y,width,height
GP028294/00137.jpg,1,0.44131822222222217,0.5269032222222223,0.027644077777777776,0.03893088888888889
GP028294/00137.jpg,1,0.6995043333333332,0.6674250833333334,0.31166875,0.38193825
GP028294/00137.jpg,2,0.44284466666666666,0.5123770000000001,0.009379397777777777,0.03230298888888889
GP028294/00137.jpg,2,0.6825383333333331,0.5156350000000001,0.05712946666666668,0.3265376666666666
