image,label,x,y,width,height
GP028291/00087.jpg,1,0.4864684500000001,0.5275607999999999,0.011204477500000002,0.045943375
GP028291/00087.jpg,2,0.4861778000000001,0.5098764499999999,0.013121532,0.03927161
