image,label,x,y,width,height
GP028291/00256.jpg,1,0.3026585714285714,0.5700221428571428,0.08823474285714286,0.1317592857142857
GP028291/00256.jpg,1,0.9085448571428572,0.561765,0.0695940142857143,0.13204000000000002
GP028291/00256.jpg,2,0.2999361428571429,0.5066621428571428,0.024586528571428568,0.12400842857142855
GP028291/00256.jpg,2,0.9031311428571428,0.5130357142857143,0.0246951,0.10339767142857144
