image,label,x,y,width,height
GP028294/00064.jpg,1,0.47302700000000003,0.526193,0.0286824,0.034602
GP028294/00064.jpg,2,0.475034,0.511717,0.00841874,0.0249511
