image,label,x,y,width,height
GP028291/00138.jpg,1,0.486709,0.5255439999999999,0.009039528000000002,0.039838
GP028291/00138.jpg,2,0.486312,0.5086426,0.010673582,0.03562226
