image,label,x,y,width,height
GP028291/00193.jpg,1,0.35575225,0.5330322500000001,0.040055675,0.061143375
GP028291/00193.jpg,2,0.35067475000000004,0.5092457499999999,0.015172525,0.057930775
