image,label,x,y,width,height
GP028291/00094.jpg,1,0.565477,0.6024079999999999,0.140998,0.180263
GP028291/00094.jpg,2,0.567339,0.509729,0.048950400000000005,0.17453
