image,label,x,y,width,height
GP028294/00162.jpg,1,0.7075961428571428,0.5263778571428571,0.025735642857142856,0.05553352857142857
GP028294/00162.jpg,2,0.7085515714285714,0.5039644285714286,0.013344071428571427,0.052161000000000006
