image,label,x,y,width,height
GP028294/00173.jpg,1,0.3851641428571429,0.534089,0.011763042857142858,0.03812931428571429
GP028294/00173.jpg,2,0.3854481428571428,0.5176337142857143,0.00881366142857143,0.03223441428571429
