image,label,x,y,width,height
GP028291/00260.jpg,1,0.57341375,0.6186775,0.18640875,0.36917
GP028291/00260.jpg,2,0.6023925,0.5167634999999999,0.06939532500000001,0.28713025
