image,label,x,y,width,height
GP028291/00018.jpg,1,0.83764825,0.65547075,0.2157325,0.347852
GP028291/00018.jpg,2,0.8834437500000001,0.52996225,0.08564242500000001,0.30419375
