image,label,x,y,width,height
GP028291/00104.jpg,1,0.5504131428571429,0.5544514285714286,0.05764540952380954,0.0943167476190476
GP028291/00104.jpg,2,0.5432821904761904,0.5102929523809523,0.02131813809523809,0.0896999761904762
