image,label,x,y,width,height
GP028291/00176.jpg,1,0.8477890000000001,0.55293075,0.0682398,0.103169775
GP028291/00176.jpg,2,0.8409555000000001,0.5102555000000001,0.0196188,0.09308605
