image,label,x,y,width,height
GP028291/00203.jpg,1,0.71816675,0.5348255000000001,0.03694555,0.0778645
GP028291/00203.jpg,2,0.71941375,0.50640175,0.013190025,0.066563675
