image,label,x,y,width,height
GP028294/00179.jpg,1,0.5219866190476191,0.5390344761904762,0.015703152380952382,0.06729230952380952
GP028294/00179.jpg,2,0.5217794285714286,0.5116333809523809,0.017682671428571425,0.05675975714285714
