image,label,x,y,width,height
GP028294/00027.jpg,1,0.61592225,0.5226645000000001,0.026268475000000003,0.03656655
GP028294/00027.jpg,2,0.6134765,0.50803475,0.0073527825,0.033256175
