image,label,x,y,width,height
GP028294/00164.jpg,1,0.8922879000000001,0.5324105,0.05972529,0.1147636
GP028294/00164.jpg,2,0.8936608999999999,0.4905566,0.0183413,0.09229399
