image,label,x,y,width,height
GP028294/00144.jpg,1,0.6094762820512822,0.5934310512820512,0.1515072871794872,0.2459692
GP028294/00144.jpg,2,0.6212653333333332,0.5152238205128205,0.04022269230769231,0.20102108974358973
