image,label,x,y,width,height
GP028294/00169.jpg,1,0.18179233333333333,0.5766213333333333,0.06894938333333332,0.12616166666666667
GP028294/00169.jpg,2,0.18808716666666667,0.5332058333333333,0.025409233333333336,0.10517493333333333
