image,label,x,y,width,height
GP028291/00242.jpg,1,0.4861464,0.5278432,0.009254056,0.04631844
GP028291/00242.jpg,2,0.4858779999999999,0.5099706,0.0139423,0.0430307
