image,label,x,y,width,height
GP028291/00236.jpg,1,0.3520488571428571,0.5423762857142858,0.045519385714285716,0.08226607142857144
GP028291/00236.jpg,2,0.35001842857142856,0.5049334285714285,0.02219911428571428,0.07614975714285713
