image,label,x,y,width,height
GP028291/00155.jpg,1,0.6834191428571429,0.5318471428571429,0.0251401,0.06506799999999999
GP028291/00155.jpg,2,0.6801995714285713,0.5102265714285714,0.013392994285714286,0.05369067142857143
