image,label,x,y,width,height
GP028291/00097.jpg,1,0.8401370000000001,0.5802039999999999,0.0509268,0.139236
GP028291/00097.jpg,2,0.8379,0.510174,0.0285603,0.11452000000000001
