image,label,x,y,width,height
GP028294/00029.jpg,1,0.5196835000000001,0.5232808333333333,0.02801703333333333,0.034880100000000004
GP028294/00029.jpg,2,0.5181273333333333,0.5082336666666667,0.008515068333333334,0.0336178
