image,label,x,y,width,height
GP028294/00069.jpg,1,0.7293656666666667,0.5243661111111111,0.028886044444444443,0.06612493333333333
GP028294/00069.jpg,2,0.7288023333333333,0.4981874444444444,0.012355342222222222,0.053067122222222235
