image,label,x,y,width,height
GP028294/00016.jpg,1,0.5965771538461537,0.6005562307692307,0.11768414615384618,0.22835290000000005
GP028294/00016.jpg,2,0.5866993076923077,0.5103250769230769,0.04099011538461538,0.16911242307692306
