image,label,x,y,width,height
GP028291/00054.jpg,1,0.551326,0.522288,0.023654599999999998,0.0316473
GP028291/00054.jpg,2,0.551126,0.507807,0.00625443,0.0291539
