image,label,x,y,width,height
GP028291/00177.jpg,1,0.78847825,0.547346,0.048689225,0.08822355000000001
GP028291/00177.jpg,2,0.78341125,0.51064325,0.019983125,0.07721272500000001
