image,label,x,y,width,height
GP028291/00012.jpg,1,0.59856825,0.52838775,0.01456018333333333,0.03958893333333333
GP028291/00012.jpg,2,0.5976396666666667,0.5098031666666666,0.008544280000000001,0.033535916666666665
