image,label,x,y,width,height
GP028291/00174.jpg,5,0.5001123333333334,0.5182496666666666,0.6917840000000001,0.6941423333333333
