image,label,x,y,width,height
GP028294/00037.jpg,1,0.5723145000000001,0.52857575,0.023897975,0.055422475
GP028294/00037.jpg,2,0.5721465,0.5092575,0.01307121,0.04774405
