image,label,x,y,width,height
GP028294/00086.jpg,1,0.6632095555555556,0.5260555,0.04032822777777778,0.05878609999999999
GP028294/00086.jpg,2,0.6638249444444445,0.5011354999999998,0.01249741722222222,0.05194061666666666
