image,label,x,y,width,height
GP028291/00152.jpg,1,0.56833525,0.5329143749999999,0.0345693375,0.050560187500000006
GP028291/00152.jpg,2,0.565503375,0.5127596249999999,0.01107444125,0.0495756875
