image,label,x,y,width,height
GP028291/00214.jpg,1,0.39557516666666653,0.5224627777777777,0.023942683333333336,0.037424561111111115
GP028291/00214.jpg,2,0.3945364444444443,0.5071903333333334,0.00825838777777778,0.03404931111111111
