image,label,x,y,width,height
GP028291/00037.jpg,1,0.339517,0.527297,0.01292203333333333,0.04205736666666667
GP028291/00037.jpg,2,0.3397046666666667,0.5071593333333334,0.009004223333333334,0.03712703333333333
