image,label,x,y,width,height
GP028294/00126.jpg,1,0.701105,0.6682549000000001,0.2956988,0.4117298
GP028294/00126.jpg,2,0.6503483999999999,0.5155238,0.061327409999999985,0.35106669999999995
