image,label,x,y,width,height
GP028294/00149.jpg,1,0.941492,0.61941475,0.064413075,0.27176075
GP028294/00149.jpg,2,0.95479225,0.49430975,0.0567172,0.20400725000000006
