image,label,x,y,width,height
GP028291/00078.jpg,1,0.7083204999999999,0.5411885000000001,0.03103575,0.05966440000000001
GP028291/00078.jpg,2,0.71016125,0.509941,0.014322475,0.05855675000000001
