image,label,x,y,width,height
GP028294/00019.jpg,1,0.8646933333333332,0.5367181666666667,0.06277893333333333,0.09776683333333333
GP028294/00019.jpg,2,0.8582621666666667,0.4960798333333333,0.01989343333333333,0.08491591666666666
