image,label,x,y,width,height
GP028291/00002.jpg,1,0.6957670833333333,0.5395766666666666,0.02614293333333333,0.06242759166666665
GP028291/00002.jpg,2,0.6934605833333335,0.5119444166666667,0.013718925000000002,0.061614999999999996
