image,label,x,y,width,height
GP028291/00163.jpg,1,0.46885200000000005,0.52396,0.027824075,0.0375153625
GP028291/00163.jpg,2,0.46946625,0.508297125,0.00804505875,0.032903225000000015
