image,label,x,y,width,height
GP028291/00166.jpg,1,0.13491,0.46199799999999996,0.0179917,0.0338141
GP028291/00166.jpg,1,0.5947570833333332,0.5239314166666666,0.01111864666666667,0.03995958333333333
GP028291/00166.jpg,2,0.134986,0.447351,0.00624815,0.0251345
GP028291/00166.jpg,2,0.5937514166666665,0.5092185000000001,0.007932906666666668,0.03108545
