image,label,x,y,width,height
GP028291/00053.jpg,1,0.6066433999999999,0.5255969000000001,0.01653561,0.03873638
GP028291/00053.jpg,2,0.6052012000000001,0.5068946999999999,0.008382548,0.03247599
