image,label,x,y,width,height
GP028294/00140.jpg,1,0.686113,0.667533,0.253399,0.310231
GP028294/00140.jpg,2,0.6904319999999999,0.512417,0.0538884,0.312207
