image,label,x,y,width,height
GP028291/00201.jpg,1,0.6062940952380953,0.5283433809523811,0.017104909523809525,0.03941904761904761
GP028291/00201.jpg,2,0.6063446666666666,0.5095881428571428,0.009742466666666665,0.03736791904761905
