image,label,x,y,width,height
GP028291/00055.jpg,1,0.5018832999999999,0.52303185,0.027533655,0.036878985
GP028291/00055.jpg,2,0.5008262,0.50956905,0.008800546000000001,0.035017705
