image,label,x,y,width,height
GP028291/00223.jpg,1,0.20605771428571432,0.6428762857142857,0.2764097142857143,0.3900218571428571
GP028291/00223.jpg,2,0.16433285714285714,0.5015511428571429,0.08749549999999999,0.3340411428571429
