image,label,x,y,width,height
GP028291/00092.jpg,1,0.5474612000000001,0.5834198,0.0487431,0.1674938
GP028291/00092.jpg,2,0.5427578000000001,0.4984112,0.03989438,0.145703
