image,label,x,y,width,height
GP028294/00119.jpg,1,0.614121625,0.6451703750000001,0.199204875,0.387892
GP028294/00119.jpg,2,0.59355425,0.511246875,0.0614622375,0.288120625
