image,label,x,y,width,height
GP028291/00112.jpg,1,0.9346965,0.5700310000000001,0.0834271,0.1552615
GP028291/00112.jpg,2,0.8912370000000001,0.509419,0.0197032,0.145707
