image,label,x,y,width,height
GP028291/00253.jpg,1,0.62985925,0.5677617500000001,0.1121835,0.11582575
GP028291/00253.jpg,2,0.62391775,0.51699625,0.02937805,0.11290275
