image,label,x,y,width,height
GP028291/00039.jpg,1,0.36061377272727263,0.5246675000000001,0.015621595454545457,0.03441547727272727
GP028291/00039.jpg,2,0.36236918181818173,0.508989590909091,0.007297278181818181,0.031350295454545464
