image,label,x,y,width,height
GP028294/00155.jpg,1,0.36774666666666667,0.5443285,0.02855826666666666,0.05896630000000001
GP028294/00155.jpg,2,0.3630356666666667,0.5186513333333332,0.013636748333333332,0.0495094
