image,label,x,y,width,height
GP028291/00159.jpg,1,0.5007811578947368,0.5230901578947368,0.029607852631578942,0.037965163157894735
GP028291/00159.jpg,2,0.4996971578947368,0.5089088947368421,0.008165473684210525,0.033149857894736845
