image,label,x,y,width,height
GP028291/00180.jpg,1,0.6672602999999999,0.53615335,0.043975365,0.059020490000000016
GP028291/00180.jpg,2,0.6655331,0.5122410499999999,0.013433935,0.05717932499999999
