image,label,x,y,width,height
GP028294/00090.jpg,1,0.9300719999999999,0.6256204000000001,0.13602360000000002,0.3000950000000001
GP028294/00090.jpg,2,0.9437938,0.5137728,0.05263332,0.2546618
