image,label,x,y,width,height
GP028291/00145.jpg,1,0.5377878333333332,0.550354,0.0200134,0.10221223333333336
GP028291/00145.jpg,2,0.5368983333333334,0.509679,0.028593800000000006,0.08432133333333335
