image,label,x,y,width,height
GP028294/00102.jpg,1,0.7100380000000001,0.52777275,0.017860425,0.052977625
GP028294/00102.jpg,2,0.70838425,0.50165375,0.0133173,0.052101350000000005
