image,label,x,y,width,height
GP028291/00220.jpg,1,0.91504125,0.55652625,0.058704700000000005,0.12971925
GP028291/00220.jpg,2,0.9132665000000001,0.51876,0.021401275,0.12323599999999997
