image,label,x,y,width,height
GP028291/00135.jpg,1,0.6073445714285715,0.5263642857142857,0.015036614285714284,0.03708915714285715
GP028291/00135.jpg,2,0.605731857142857,0.5122584285714286,0.010315785714285713,0.03569747142857143
