image,label,x,y,width,height
GP028294/00021.jpg,1,0.691821,0.525506,0.0460905,0.049659800000000004
GP028294/00021.jpg,2,0.687107,0.502432,0.00921811,0.0476534
