image,label,x,y,width,height
GP028291/00016.jpg,1,0.0344838,0.570403,0.06701189999999999,0.147063
GP028291/00016.jpg,2,0.02919065,0.50302325,0.029960975,0.16133250000000002
