image,label,x,y,width,height
GP028291/00246.jpg,1,0.5366925,0.5650455,0.033043375,0.16385325
GP028291/00246.jpg,2,0.5386035,0.5075725,0.043699675,0.13372525000000002
