image,label,x,y,width,height
GP028291/00123.jpg,1,0.47657968,0.53214012,0.037081484000000005,0.06409481599999999
GP028291/00123.jpg,2,0.47696012,0.5082716399999999,0.0104575272,0.053752312000000003
