image,label,x,y,width,height
GP028291/00098.jpg,1,0.794357625,0.5654883749999999,0.0503750625,0.1033345625
GP028291/00098.jpg,2,0.789914875,0.51046825,0.022461625,0.1009845875
