image,label,x,y,width,height
GP028291/00252.jpg,1,0.7498489523809524,0.5751069999999999,0.10988433333333336,0.1284152857142857
GP028291/00252.jpg,2,0.7413639047619047,0.5159989523809523,0.032551199999999995,0.12463980952380953
