image,label,x,y,width,height
GP028291/00222.jpg,1,0.5878485,0.665555,0.29441866666666666,0.37584816666666665
GP028291/00222.jpg,2,0.5926336666666666,0.5214811666666667,0.07721596666666668,0.3571585
