image,label,x,y,width,height
GP028291/00153.jpg,1,0.5396160714285714,0.5377927857142857,0.024669299999999998,0.05968885714285715
GP028291/00153.jpg,2,0.5388161428571429,0.5114087142857143,0.014885857142857147,0.05335872142857142
