image,label,x,y,width,height
GP028294/00151.jpg,1,0.834414,0.5329855,0.0547783,0.0988076
GP028294/00151.jpg,2,0.829616,0.49658625,0.01980595,0.08377427499999998
