image,label,x,y,width,height
GP028294/00093.jpg,1,0.130758,0.60095825,0.06478690000000001,0.192303
GP028294/00093.jpg,2,0.1366275,0.5325057500000001,0.03852865,0.14991175
