image,label,x,y,width,height
GP028294/00176.jpg,1,0.5123625238095239,0.5295131904761904,0.011646123809523809,0.043454652380952384
GP028294/00176.jpg,2,0.5120530000000001,0.5118663333333334,0.010251950952380951,0.035989295238095236
