image,label,x,y,width,height
GP028294/00006.jpg,1,0.3826868333333333,0.5325741666666667,0.01633303333333333,0.04356675
GP028294/00006.jpg,2,0.3828883333333333,0.5149033333333333,0.01097180166666667,0.03961071666666666
