image,label,x,y,width,height
GP028294/00178.jpg,1,0.5244283999999999,0.5357824999999999,0.012314707,0.06452405000000001
GP028294/00178.jpg,2,0.5239495000000001,0.5111773000000001,0.01609817,0.05415568
