image,label,x,y,width,height
GP028291/00063.jpg,1,0.7979394285714285,0.5430349999999999,0.05659851428571429,0.09278382857142856
GP028291/00063.jpg,2,0.7970222857142858,0.5090944285714285,0.01914781428571428,0.07639958571428572
