image,label,x,y,width,height
GP028291/00250.jpg,1,0.7440020952380951,0.6210345238095237,0.16750919047619048,0.2279561428571429
GP028291/00250.jpg,2,0.775092619047619,0.5146527619047618,0.05724822380952381,0.23070985714285716
