image,label,x,y,width,height
GP028291/00141.jpg,1,0.5040988571428571,0.535247,0.015331785714285713,0.0720133142857143
GP028291/00141.jpg,2,0.5042732857142858,0.5087571428571428,0.017063185714285715,0.05956644285714285
