image,label,x,y,width,height
GP028291/00207.jpg,1,0.7187058000000001,0.547856,0.02324718,0.09854094
GP028291/00207.jpg,2,0.719809,0.5085765999999999,0.02529286,0.08576412
