image,label,x,y,width,height
GP028291/00022.jpg,1,0.7821161428571427,0.5499665714285714,0.048094442857142865,0.08170182857142858
GP028291/00022.jpg,2,0.7798090000000001,0.5113405714285715,0.01769834285714286,0.07844044285714287
