image,label,x,y,width,height
GP028291/00139.jpg,1,0.4928620999999999,0.5307654000000002,0.012041874,0.05276101
GP028291/00139.jpg,2,0.4936278,0.509177,0.01441565,0.04627467
