image,label,x,y,width,height
GP028294/00124.jpg,1,0.6870775,0.64289025,0.2879585,0.46999425
GP028294/00124.jpg,2,0.6512385,0.5177455,0.062733025,0.35120650000000003
