image,label,x,y,width,height
GP028291/00204.jpg,1,0.8371261999999999,0.5424114000000001,0.06082162,0.11133139999999998
GP028291/00204.jpg,2,0.8397834000000001,0.5079817999999999,0.01661642,0.0958102
