image,label,x,y,width,height
GP028291/00115.jpg,1,0.6693345,0.5327735,0.02464795,0.0612665
GP028291/00115.jpg,2,0.666136,0.51133275,0.013969975,0.051013199999999995
