image,label,x,y,width,height
GP028291/00189.jpg,1,0.552955,0.5328853333333333,0.053051266666666666,0.07000096666666666
GP028291/00189.jpg,2,0.5485063333333333,0.5098686666666666,0.012002166666666668,0.054023400000000006
