image,label,x,y,width,height
GP028294/00073.jpg,1,0.7611177499999999,0.5667175,0.0528492,0.13285999999999998
GP028294/00073.jpg,2,0.75003975,0.4933315,0.03579330000000001,0.1211485
