image,label,x,y,width,height
GP028294/00120.jpg,1,0.6915086666666668,0.6319979047619048,0.27490785714285715,0.4941450476190476
GP028294/00120.jpg,2,0.6552608571428571,0.5173880476190476,0.06930960952380953,0.3557804285714286
