image,label,x,y,width,height
GP028294/00156.jpg,1,0.361728,0.5373589999999999,0.018406,0.054969075
GP028294/00156.jpg,2,0.36250375,0.51747875,0.01111347,0.045026925
