image,label,x,y,width,height
GP028291/00089.jpg,1,0.502468875,0.541948875,0.018439937500000003,0.078769975
GP028291/00089.jpg,2,0.50191325,0.506553375,0.0189454625,0.0689021875
