image,label,x,y,width,height
GP028294/00040.jpg,1,0.12523657142857142,0.5915217142857143,0.09090312857142856,0.15460085714285718
GP028294/00040.jpg,2,0.11964685714285715,0.526417,0.028755642857142855,0.13464414285714285
