image,label,x,y,width,height
GP028291/00088.jpg,1,0.490824,0.532352,0.0216646,0.060387699999999996
GP028291/00088.jpg,2,0.48973199999999995,0.505221,0.0180235,0.06301319999999999
