image,label,x,y,width,height
GP028291/00244.jpg,1,0.5040131999999999,0.5465846000000001,0.01898495,0.08983215
GP028291/00244.jpg,2,0.5043732000000001,0.5092984,0.028624200000000002,0.07892967
