image,label,x,y,width,height
GP028294/00063.jpg,1,0.4126590833333332,0.5312652916666668,0.02693224583333333,0.03699389583333333
GP028294/00063.jpg,2,0.4138348333333333,0.517256625,0.008460114583333333,0.035694683333333345
