image,label,x,y,width,height
GP028291/00261.jpg,1,0.5750542,0.6004352,0.15064286200000002,0.28665432
GP028291/00261.jpg,2,0.609325,0.5112127500000001,0.065079125,0.285494
