image,label,x,y,width,height
GP028291/00011.jpg,1,0.57581,0.52570975,0.02346405,0.03810705
GP028291/00011.jpg,2,0.57599175,0.510756,0.0082364875,0.033365875
