image,label,x,y,width,height
GP028291/00144.jpg,1,0.5119165,0.5344736666666666,0.018369633333333333,0.07481001666666666
GP028291/00144.jpg,2,0.512957,0.5068878333333334,0.0203538,0.06069088333333333
