image,label,x,y,width,height
GP028294/00135.jpg,1,0.3704565,0.5344575,0.01312665,0.04774725
GP028294/00135.jpg,1,0.7024247499999999,0.64353225,0.276558,0.42253100000000005
GP028294/00135.jpg,2,0.3710345,0.5172334999999999,0.01027055,0.03726115
GP028294/00135.jpg,2,0.6860802500000001,0.5167109999999999,0.055809625,0.3272105
