image,label,x,y,width,height
GP028291/00031.jpg,1,0.5253584999999998,0.5378796666666666,0.059052272222222216,0.06551003888888889
GP028291/00031.jpg,2,0.5225212777777779,0.5112739444444445,0.013755791666666668,0.060431311111111115
