image,label,x,y,width,height
GP028291/00179.jpg,1,0.7062288333333333,0.5405920000000001,0.040465450000000014,0.0654689
GP028291/00179.jpg,2,0.7051003333333333,0.5092423333333334,0.01510781666666667,0.061018533333333326
