image,label,x,y,width,height
GP028294/00032.jpg,1,0.50688125,0.52490375,0.0228621,0.037225475
GP028294/00032.jpg,2,0.5061955,0.5099235,0.0052254725,0.029573925
