image,label,x,y,width,height
GP028294/00154.jpg,1,0.473516,0.5413382500000001,0.053279625,0.070002725
GP028294/00154.jpg,2,0.46991775,0.5164234999999999,0.011513325,0.054357075
