image,label,x,y,width,height
GP028294/00018.jpg,1,0.982455,0.5354347500000001,0.0339904,0.12775075000000002
GP028294/00018.jpg,2,0.9938379999999999,0.48936899999999994,0.0110088625,0.1333905
