image,label,x,y,width,height
GP028291/00073.jpg,1,0.4442725,0.5221389999999999,0.029555875,0.037444875
GP028291/00073.jpg,2,0.44745075,0.5069355,0.006643710000000001,0.032266375
