image,label,x,y,width,height
GP028291/00212.jpg,1,0.504884,0.522613,0.0275449,0.0383114
GP028291/00212.jpg,2,0.503196,0.509302,0.00661617,0.0324673
