image,label,x,y,width,height
GP028291/00143.jpg,1,0.09296289999999999,0.46380299999999997,0.0241694,0.0698488
GP028291/00143.jpg,1,0.5046940000000001,0.5332052222222222,0.014352222222222225,0.06821531111111111
GP028291/00143.jpg,2,0.0947567,0.447248,0.00849704,0.0494384
GP028291/00143.jpg,2,0.5047001111111111,0.5079094444444444,0.017658022222222222,0.05767475555555555
