image,label,x,y,width,height
GP028291/00110.jpg,1,0.8844097272727273,0.5708444545454544,0.12649699999999994,0.17748063636363634
GP028291/00110.jpg,2,0.8815750909090909,0.5097032727272727,0.028200118181818182,0.1466440909090909
