image,label,x,y,width,height
GP028294/00084.jpg,1,0.47653,0.5331020000000001,0.035120925,0.04546075
GP028294/00084.jpg,2,0.47843500000000005,0.5149152499999999,0.0084054275,0.0390276
