image,label,x,y,width,height
GP028291/00043.jpg,1,0.6058915,0.527838,0.016139175,0.037683400000000006
GP028291/00043.jpg,2,0.605403,0.509703,0.0075839700000000015,0.03355665
