image,label,x,y,width,height
GP028291/00100.jpg,1,0.68711,0.5486904,0.056234490000000005,0.07347392
GP028291/00100.jpg,2,0.6860535000000001,0.5127079999999999,0.016558700000000003,0.06903517
