image,label,x,y,width,height
GP028294/00060.jpg,1,0.36491,0.5375870588235293,0.014499147058823532,0.0474613294117647
GP028294/00060.jpg,2,0.365192705882353,0.5179086470588237,0.009343966470588234,0.042320423529411774
