image,label,x,y,width,height
GP028291/00021.jpg,1,0.856383142857143,0.5582834285714287,0.08470884285714288,0.09852504285714284
GP028291/00021.jpg,2,0.843289857142857,0.5117160000000001,0.02037894285714286,0.09354011428571428
