image,label,x,y,width,height
GP028291/00160.jpg,1,0.46199775,0.5218927499999999,0.0257418,0.036153175
GP028291/00160.jpg,2,0.46002825,0.50799675,0.00699033,0.031304625
