image,label,x,y,width,height
GP028291/00129.jpg,1,0.029843425,0.62896325,0.0555954,0.26261375
GP028291/00129.jpg,2,0.029848575,0.486573,0.056252125,0.1905655
