image,label,x,y,width,height
GP028291/00267.jpg,1,0.6742447500000001,0.58148875,0.133712125,0.2355934375
GP028291/00267.jpg,2,0.680852375,0.5095982499999999,0.04479045,0.1801920375
