image,label,x,y,width,height
GP028294/00117.jpg,1,0.54619225,0.570217,0.0525679,0.1725255
GP028294/00117.jpg,2,0.55193125,0.50947225,0.048494199999999994,0.1411955
