image,label,x,y,width,height
GP028291/00069.jpg,1,0.1767094166666667,0.5520846666666667,0.05867580000000001,0.09886036666666666
GP028291/00069.jpg,2,0.186068,0.5037347499999999,0.02212733333333334,0.09408433333333334
