image,label,x,y,width,height
GP028291/00060.jpg,1,0.47389875,0.53135885,0.041791570000000014,0.0488929
GP028291/00060.jpg,2,0.4745132857142857,0.5125977619047619,0.011029169047619046,0.043850928571428575
GP028291/00060.jpg,5,0.472433,0.532188,0.039435000000000005,0.0489871
