image,label,x,y,width,height
GP028294/00085.jpg,1,0.159228,0.496305,0.034223500000000004,0.0487546
GP028294/00085.jpg,1,0.5663162727272727,0.5301433636363636,0.03903563636363637,0.04980127272727273
GP028294/00085.jpg,2,0.158118,0.477891,0.00685268,0.0398926
GP028294/00085.jpg,2,0.567629,0.5072715454545453,0.009241632727272728,0.04319895454545455
