image,label,x,y,width,height
GP028291/00148.jpg,1,0.9906879090909091,0.5300095454545454,0.01795171818181818,0.07585818181818181
GP028291/00148.jpg,2,0.9964841666666668,0.5513308333333333,0.006697361666666665,0.07263805
GP028291/00148.jpg,5,0.9546620000000001,0.568558,0.0837711,0.21276599999999998
