image,label,x,y,width,height
GP028294/00068.jpg,1,0.67950725,0.5222150000000001,0.019212875,0.05794105
GP028294/00068.jpg,2,0.6788995,0.5032547500000001,0.009882055,0.047897875000000006
