image,label,x,y,width,height
GP028291/00254.jpg,1,0.5093555000000001,0.555255,0.094160175,0.11705825
GP028291/00254.jpg,2,0.50664775,0.5131104999999999,0.020967700000000002,0.103329225
