image,label,x,y,width,height
GP028294/00160.jpg,1,0.612499125,0.5240696249999999,0.0237190625,0.04337325
GP028294/00160.jpg,2,0.6130507500000001,0.506122125,0.007895511249999999,0.0342690875
