image,label,x,y,width,height
GP028291/00035.jpg,1,0.320062,0.5312058000000001,0.01363342,0.04866634
GP028291/00035.jpg,2,0.3188986,0.5042717999999999,0.0142024,0.04710062
