image,label,x,y,width,height
GP028291/00008.jpg,1,0.4672329999999999,0.5243460999999999,0.01554359,0.034708360000000014
GP028291/00008.jpg,2,0.46604750000000006,0.5076795999999999,0.007265586999999999,0.030095839999999995
