image,label,x,y,width,height
GP028291/00157.jpg,1,0.6101588571428572,0.5280239999999999,0.013681399999999998,0.038929114285714286
GP028291/00157.jpg,2,0.6084515714285714,0.5099007142857143,0.010160315714285714,0.03689831428571429
