image,label,x,y,width,height
GP028291/00264.jpg,1,0.57127275,0.62706875,0.19018125,0.35378750000000003
GP028291/00264.jpg,2,0.60329325,0.5131542499999999,0.0725654,0.29710675
