image,label,x,y,width,height
GP028291/00119.jpg,1,0.46633900000000006,0.52240825,0.0302723,0.040133925
GP028291/00119.jpg,2,0.46386875,0.50806825,0.00886507,0.035336375
