image,label,x,y,width,height
GP028294/00104.jpg,1,0.5728650000000001,0.5516392499999999,0.08860345,0.091771775
GP028294/00104.jpg,2,0.56751175,0.5131545,0.018468125,0.08592309999999999
