image,label,x,y,width,height
GP028294/00012.jpg,1,0.5107119999999999,0.5376839,0.01283327,0.06281304
GP028294/00012.jpg,2,0.5101468,0.5102065,0.01717637,0.05355891
