image,label,x,y,width,height
GP028294/00141.jpg,1,0.674240375,0.617526,0.15974720000000003,0.21857605
GP028294/00141.jpg,2,0.677644375,0.51280325,0.0383741275,0.22055005
