image,label,x,y,width,height
GP028294/00136.jpg,1,0.3924843333333333,0.5315249999999999,0.01698406666666667,0.040317900000000004
GP028294/00136.jpg,1,0.70768075,0.6384685,0.2872245,0.42070425
GP028294/00136.jpg,2,0.3942163333333333,0.5161363333333333,0.007743923333333333,0.032955733333333334
GP028294/00136.jpg,2,0.68426925,0.515455,0.055539875,0.31869125
