image,label,x,y,width,height
GP028294/00056.jpg,1,0.4547727142857143,0.5429604285714286,0.05600315714285714,0.0593278
GP028294/00056.jpg,2,0.4534331428571429,0.5120761428571429,0.013779757142857143,0.05555821428571429
