image,label,x,y,width,height
GP028291/00237.jpg,1,0.303046,0.530104,0.023175599999999998,0.0719182
GP028291/00237.jpg,2,0.306505,0.504953,0.023175599999999998,0.0739968
