image,label,x,y,width,height
GP028294/00058.jpg,1,0.3556204,0.5430222,0.01871328,0.0525598
GP028294/00058.jpg,2,0.3520432,0.516901,0.01330298,0.049405100000000014
