image,label,x,y,width,height
GP028294/00165.jpg,5,0.54343,0.567453,0.6756261666666666,0.6787986666666667
