image,label,x,y,width,height
GP028294/00109.jpg,1,0.4224965,0.5295538333333334,0.030060150000000008,0.04087025
GP028294/00109.jpg,2,0.4250245,0.512548,0.009345068333333331,0.03431005
