image,label,x,y,width,height
GP028291/00026.jpg,1,0.5742747037037036,0.5381252962962962,0.054714640740740735,0.06370399629629629
GP028291/00026.jpg,2,0.5741389629629629,0.5116951481481481,0.011441767037037035,0.058150314814814814
