image,label,x,y,width,height
GP028291/00228.jpg,1,0.4126173750000001,0.5215395,0.026974775,0.03625495
GP028291/00228.jpg,2,0.414133125,0.50653025,0.007204277500000002,0.0314764375
