image,label,x,y,width,height
GP028294/00089.jpg,1,0.9774790000000001,0.5522589999999999,0.04424415,0.15271875
GP028294/00089.jpg,2,0.97769725,0.4911405,0.035846550000000005,0.13572625
