image,label,x,y,width,height
GP028294/00041.jpg,1,0.0536625125,0.6615820000000001,0.105677425,0.31533
GP028294/00041.jpg,2,0.0336764125,0.536165875,0.0574567875,0.25341187499999995
