image,label,x,y,width,height
GP028294/00114.jpg,1,0.5230585000000001,0.5476544999999999,0.021578175,0.109527075
GP028294/00114.jpg,2,0.52301475,0.508214,0.027310300000000003,0.087406825
