image,label,x,y,width,height
GP028291/00225.jpg,1,0.25109699999999996,0.5374585,0.037166375,0.088266275
GP028291/00225.jpg,2,0.25499,0.505269,0.01976565,0.075387125
