image,label,x,y,width,height
GP028294/00159.jpg,1,0.5383608095238095,0.52457,0.028660349999999994,0.04307211904761905
GP028294/00159.jpg,2,0.5397954761904762,0.5123418095238095,0.008568230952380953,0.037328371428571434
