image,label,x,y,width,height
GP028294/00181.jpg,1,0.130906,0.498121,0.026540800000000003,0.06513680000000001
GP028294/00181.jpg,1,0.5252904,0.5381138000000001,0.016390319999999996,0.06709889000000001
GP028294/00181.jpg,2,0.13238,0.477738,0.023400900000000002,0.056258800000000005
GP028294/00181.jpg,2,0.5256231999999998,0.5096267,0.01847406,0.05591378
