image,label,x,y,width,height
GP028291/00116.jpg,1,0.6308017499999999,0.528998,0.018636775,0.0465283
GP028291/00116.jpg,2,0.62893425,0.5089405,0.011415165,0.045155699999999986
