image,label,x,y,width,height
GP028291/00096.jpg,1,0.8554517500000001,0.604167125,0.0593272,0.184167
GP028291/00096.jpg,2,0.8725799999999999,0.510736125,0.0416585625,0.1557916875
