image,label,x,y,width,height
GP028294/00095.jpg,1,0.3446576666666667,0.5403393333333333,0.01687893333333334,0.05381843333333333
GP028294/00095.jpg,2,0.3468273333333333,0.5152056666666667,0.014623066666666669,0.0513119
