image,label,x,y,width,height
GP028291/00215.jpg,1,0.3956888888888889,0.5276213333333333,0.02680893333333333,0.04219607777777777
GP028291/00215.jpg,2,0.3949726666666665,0.5102154444444444,0.008943814444444444,0.0335323
