image,label,x,y,width,height
GP028291/00042.jpg,1,0.5548489999999999,0.5234934285714286,0.028263942857142864,0.035441328571428565
GP028291/00042.jpg,2,0.5566511428571429,0.512109,0.00633657,0.03142031428571428
