image,label,x,y,width,height
GP028294/00072.jpg,1,0.9610690000000001,0.570551,0.0775898,0.18642899999999998
GP028294/00072.jpg,2,0.9818629999999999,0.49046000000000006,0.0359467,0.153779
