image,label,x,y,width,height
GP028294/00035.jpg,1,0.607429375,0.521207,0.019445087500000003,0.035189225
GP028294/00035.jpg,2,0.60821525,0.5056155,0.00654850875,0.0303945125
