image,label,x,y,width,height
GP028291/00136.jpg,1,0.5673101666666667,0.5261395000000001,0.02530161666666667,0.033795599999999995
GP028291/00136.jpg,2,0.5663473333333333,0.5117183333333334,0.009130391666666666,0.03207193333333334
