image,label,x,y,width,height
GP028291/00065.jpg,1,0.9493771999999999,0.6198640000000001,0.09986608,0.25682720000000003
GP028291/00065.jpg,2,0.9655572,0.509273,0.06460118000000001,0.241219
