image,label,x,y,width,height
GP028294/00007.jpg,1,0.4228455,0.5307843000000001,0.030964660000000005,0.039392690000000015
GP028294/00007.jpg,2,0.4259803000000001,0.5150897,0.008821691000000001,0.03563592
