image,label,x,y,width,height
GP028294/00134.jpg,1,0.34198866666666666,0.541872,0.0200624,0.061042833333333324
GP028294/00134.jpg,1,0.70310775,0.64114775,0.2845045,0.43769925
GP028294/00134.jpg,2,0.344057,0.5170646666666667,0.012260666666666668,0.056635799999999986
GP028294/00134.jpg,2,0.6848920000000001,0.5176105,0.052820375,0.32898225
