image,label,x,y,width,height
GP028294/00133.jpg,1,0.671597,0.650642,0.2125,0.407033
GP028294/00133.jpg,2,0.6849310000000001,0.517957,0.0525,0.325228
