image,label,x,y,width,height
GP028294/00108.jpg,1,0.3848796666666667,0.5337740476190477,0.01722818095238095,0.04054691428571428
GP028294/00108.jpg,2,0.3842545714285715,0.5155228095238094,0.008548419523809523,0.03508770952380952
