image,label,x,y,width,height
GP028291/00120.jpg,1,0.3973478888888889,0.5231475555555556,0.02518632222222222,0.035170900000000005
GP028291/00120.jpg,2,0.3960685555555556,0.5062458888888889,0.007627025555555555,0.0322567
