image,label,x,y,width,height
GP028294/00177.jpg,1,0.519929,0.5303468571428572,0.008764272857142858,0.05132832857142857
GP028294/00177.jpg,2,0.5198415714285713,0.5120708571428572,0.011651842857142856,0.04282897142857143
