image,label,x,y,width,height
GP028294/00034.jpg,1,0.552918,0.52247975,0.031628525,0.0404825
GP028294/00034.jpg,2,0.5565795,0.50742525,0.009102475,0.03482705
