image,label,x,y,width,height
GP028291/00046.jpg,1,0.795162,0.549003,0.0629376,0.0930943
GP028291/00046.jpg,2,0.79728,0.511426,0.029249900000000002,0.0974581
