image,label,x,y,width,height
GP028294/00030.jpg,1,0.4962915,0.5245664999999999,0.0277267,0.0388403
GP028294/00030.jpg,2,0.49468999999999996,0.51094025,0.0081246925,0.03282085
