image,label,x,y,width,height
GP028294/00075.jpg,1,0.7368959090909091,0.524885909090909,0.026951572727272725,0.07575160909090907
GP028294/00075.jpg,2,0.7327354545454544,0.4958219090909091,0.014725490909090906,0.061571718181818176
