image,label,x,y,width,height
GP028294/00174.jpg,1,0.4216916000000001,0.5287308000000001,0.02990926,0.039244939999999985
GP028294/00174.jpg,2,0.4238936,0.5133594,0.008286838000000001,0.03259008
