image,label,x,y,width,height
GP028294/00103.jpg,1,0.701425,0.5386934999999999,0.048646975,0.07525327500000001
GP028294/00103.jpg,2,0.7037365,0.505166,0.019015925,0.07199525
