image,label,x,y,width,height
GP028291/00003.jpg,1,0.6512203999999999,0.5298412000000001,0.02459276,0.05291288000000001
GP028291/00003.jpg,2,0.6482104000000001,0.5111064000000001,0.011114572,0.046770599999999996
