image,label,x,y,width,height
GP028294/00098.jpg,1,0.5112375,0.52321775,0.0288985,0.0466849
GP028294/00098.jpg,2,0.51257275,0.50974925,0.0077958075,0.035154375
