image,label,x,y,width,height
GP028294/00004.jpg,1,0.32171950000000005,0.5439443333333333,0.02431108333333333,0.06411938333333334
GP028294/00004.jpg,2,0.3255198333333333,0.5155698333333333,0.016723949999999998,0.05296976666666667
