image,label,x,y,width,height
GP028294/00121.jpg,1,0.6913658333333332,0.6456121666666667,0.26273716666666663,0.45830950000000004
GP028294/00121.jpg,2,0.6494466666666666,0.5209301666666667,0.06555399999999999,0.3513758333333333
