image,label,x,y,width,height
GP028291/00173.jpg,1,0.70170725,0.6471104999999999,0.29548450000000004,0.3700365000000001
GP028291/00173.jpg,2,0.7471245,0.50375175,0.080809475,0.35319025
