image,label,x,y,width,height
GP028291/00052.jpg,1,0.6414703333333334,0.5305983333333333,0.01780392222222222,0.04726137777777779
GP028291/00052.jpg,2,0.6401300000000001,0.5080955555555555,0.009412058888888887,0.038533811111111115
