image,label,x,y,width,height
GP028291/00019.jpg,1,0.9910626,0.53904,0.01725534,0.0661179
GP028291/00019.jpg,5,0.9643129999999999,0.535162,0.0631825,0.09282699999999999
