image,label,x,y,width,height
GP028291/00161.jpg,1,0.44801425,0.52320625,0.016744824999999998,0.03393395
GP028291/00161.jpg,2,0.44636775,0.50636125,0.00617026,0.029982025
