image,label,x,y,width,height
GP028294/00009.jpg,1,0.50146625,0.5295112500000001,0.009625155,0.04744515
GP028294/00009.jpg,2,0.50114525,0.51182225,0.014148599999999999,0.04145245
