image,label,x,y,width,height
GP028291/00125.jpg,1,0.75111275,0.5457919999999999,0.06511789999999999,0.09406360000000001
GP028291/00125.jpg,2,0.754754,0.51080025,0.02015425,0.084945225
