image,label,x,y,width,height
GP028291/00232.jpg,1,0.6369403,0.5308524,0.01875821,0.04623354
GP028291/00232.jpg,2,0.6387248999999999,0.5098102999999999,0.011258803,0.04185329
