image,label,x,y,width,height
GP028294/00044.jpg,1,0.9675608571428572,0.543656,0.06309944285714285,0.12438957142857142
GP028294/00044.jpg,2,0.9662731428571428,0.4830611428571429,0.023894014285714284,0.12115162857142855
