image,label,x,y,width,height
GP028294/00091.jpg,1,0.665084,0.6882057500000001,0.28435975,0.416187
GP028294/00091.jpg,2,0.68864625,0.52848125,0.08781204999999999,0.40258325
