image,label,x,y,width,height
GP028291/00034.jpg,1,0.3480285,0.5364800000000001,0.037846875,0.05887245
GP028291/00034.jpg,2,0.34288225,0.50780875,0.014906675,0.0576412
