image,label,x,y,width,height
GP028291/00093.jpg,1,0.54684325,0.5710765,0.055999025,0.191575
GP028291/00093.jpg,2,0.5430502500000001,0.50766575,0.039538425,0.15024175
