image,label,x,y,width,height
GP028291/00217.jpg,1,0.58457625,0.53249725,0.036832199999999995,0.049565525
GP028291/00217.jpg,2,0.58620825,0.51136275,0.007739945,0.043292875
