image,label,x,y,width,height
GP028291/00165.jpg,1,0.5487117777777778,0.5242134444444444,0.030045311111111105,0.03575481111111111
GP028291/00165.jpg,2,0.5504861111111112,0.5089549999999998,0.006528517777777777,0.030811077777777782
