image,label,x,y,width,height
GP028291/00227.jpg,1,0.357097125,0.524823625,0.0158490875,0.038130325
GP028291/00227.jpg,2,0.358896625,0.5043675000000001,0.00945261875,0.03520985
