image,label,x,y,width,height
GP028294/00138.jpg,1,0.6224679999999999,0.6142544411764705,0.1831422176470588,0.2256762411764706
GP028294/00138.jpg,1,0.723147,0.679592,0.32464899999999997,0.351927
GP028294/00138.jpg,2,0.6135097142857142,0.5118917142857141,0.04261338171428571,0.2121263628571429
