image,label,x,y,width,height
GP028294/00127.jpg,1,0.6907643333333333,0.6671945555555556,0.316651,0.4090301111111111
GP028294/00127.jpg,2,0.6496101111111111,0.5133485555555556,0.05927021111111111,0.3471915555555556
