image,label,x,y,width,height
GP028291/00121.jpg,1,0.35954440000000004,0.5276396,0.008946715999999999,0.03543958
GP028291/00121.jpg,2,0.35987340000000007,0.5135664000000001,0.011625812,0.03322082
