image,label,x,y,width,height
GP028291/00101.jpg,1,0.6257255,0.5443984999999999,0.06543641666666668,0.06802548333333333
GP028291/00101.jpg,2,0.6261689999999999,0.5140061666666668,0.01421775,0.06800398333333334
