image,label,x,y,width,height
GP028291/00194.jpg,1,0.3251701111111111,0.5290265555555556,0.011935184444444445,0.049813688888888895
GP028291/00194.jpg,2,0.3237576666666667,0.5047892222222221,0.01510941111111111,0.0470013
