image,label,x,y,width,height
GP028291/00074.jpg,1,0.5095337499999999,0.52350475,0.029175175,0.03954965
GP028291/00074.jpg,2,0.512794,0.5099495,0.00988972,0.03617815
