image,label,x,y,width,height
GP028294/00148.jpg,1,0.479472,0.669405,0.336642,0.41862299999999997
GP028294/00148.jpg,1,0.9480200000000001,0.583333,0.0987267,0.207355
GP028294/00148.jpg,2,0.482709,0.552034,0.09710830000000001,0.402973
GP028294/00148.jpg,2,0.9698690000000001,0.501174,0.04208030000000001,0.207355
