image,label,x,y,width,height
GP028294/00112.jpg,1,0.5092463333333334,0.532523625,0.011307412083333334,0.05050803333333332
GP028294/00112.jpg,2,0.5091238333333333,0.5139170833333333,0.016031832083333336,0.0468641125
