image,label,x,y,width,height
GP028291/00178.jpg,1,0.7392649,0.5415824999999999,0.038869695,0.07457882500000003
GP028291/00178.jpg,2,0.73818765,0.5102618499999999,0.018949265,0.07132126999999999
