image,label,x,y,width,height
GP028291/00147.jpg,1,0.8818448,0.6257240000000001,0.20151899999999995,0.28445640000000005
GP028291/00147.jpg,2,0.9188206,0.5131702,0.06953002,0.2615372
