image,label,x,y,width,height
GP028291/00095.jpg,1,0.744689,0.6231732857142858,0.19405685714285711,0.21739485714285714
GP028291/00095.jpg,2,0.7513467142857142,0.5176275714285713,0.041173628571428575,0.21669557142857146
