image,label,x,y,width,height
GP028294/00172.jpg,1,0.364711,0.5373071,0.0156757,0.049774050000000014
GP028294/00172.jpg,2,0.3651177,0.5161572999999999,0.010508691,0.03911441
