image,label,x,y,width,height
GP028291/00103.jpg,1,0.5255747142857142,0.5470745714285714,0.0184831,0.07989718571428571
GP028291/00103.jpg,2,0.5265014285714286,0.5062725714285714,0.022151057142857145,0.07002539999999999
