image,label,x,y,width,height
GP028291/00257.jpg,1,0.2375433333333333,0.5827464444444446,0.03931554444444445,0.19378199999999998
GP028291/00257.jpg,1,0.8057547777777778,0.5503041111111111,0.05806948888888889,0.094877
GP028291/00257.jpg,2,0.237965,0.5089142222222222,0.05588404444444444,0.16676244444444446
GP028291/00257.jpg,2,0.7970345555555554,0.5175066666666667,0.02061443333333333,0.0761948888888889
