image,label,x,y,width,height
GP028294/00025.jpg,1,0.6826045000000001,0.5227395,0.01959196666666666,0.04975703333333334
GP028294/00025.jpg,2,0.6811091666666668,0.4994631666666667,0.01190601833333333,0.0429633
