image,label,x,y,width,height
GP028291/00259.jpg,1,0.5815659999999999,0.5838508000000001,0.14305091000000006,0.20029585
GP028291/00259.jpg,2,0.5857816,0.5153171,0.03991758,0.17973003000000004
