image,label,x,y,width,height
GP028291/00187.jpg,1,0.4888335999999999,0.5323941999999999,0.0485567,0.0680109
GP028291/00187.jpg,2,0.4871732,0.5101856,0.010139028,0.05578366
