image,label,x,y,width,height
GP028291/00114.jpg,1,0.73126715,0.5400126500000001,0.039137205,0.07353415499999998
GP028291/00114.jpg,2,0.7260746500000002,0.5128557,0.018197425000000003,0.06855317000000001
