image,label,x,y,width,height
GP028291/00066.jpg,1,0.7981184,0.6624258000000001,0.23074320000000004,0.35214160000000005
GP028291/00066.jpg,2,0.8114011999999999,0.5239638,0.07083518000000001,0.33549840000000003
