image,label,x,y,width,height
GP028294/00045.jpg,1,0.89121075,0.540215,0.059458675,0.10466005
GP028294/00045.jpg,2,0.8880775,0.49103900000000006,0.021363675,0.09164580000000001
