image,label,x,y,width,height
GP028291/00251.jpg,1,0.8258285000000001,0.6039883333333332,0.06831995,0.18564766666666666
GP028291/00251.jpg,2,0.827943,0.5103915,0.04836326666666666,0.15643749999999998
