image,label,x,y,width,height
GP028294/00131.jpg,1,0.6509084444444445,0.6077451111111111,0.16729872555555558,0.2132472
GP028294/00131.jpg,2,0.6607415000000001,0.50256825,0.0456632625,0.20714555
