image,label,x,y,width,height
GP028291/00262.jpg,1,0.5594174285714286,0.5900272857142858,0.13490195714285716,0.2608457857142857
GP028291/00262.jpg,2,0.57433075,0.5134108749999999,0.044550407500000014,0.192008025
