image,label,x,y,width,height
GP028294/00033.jpg,1,0.5189295,0.52264525,0.0254923,0.03798915
GP028294/00033.jpg,2,0.5209665,0.5095032500000001,0.006111627499999999,0.033561774999999995
