image,label,x,y,width,height
GP028291/00169.jpg,1,0.4154697,0.5391607,0.052154049999999993,0.08376373000000001
GP028291/00169.jpg,2,0.4127474999999999,0.5072998999999999,0.01486246,0.07232845
