image,label,x,y,width,height
GP028294/00066.jpg,1,0.6024588571428572,0.5216988571428571,0.02374807142857143,0.036967000000000014
GP028294/00066.jpg,2,0.6034515714285715,0.5052697142857143,0.00819830857142857,0.03270635714285715
