image,label,x,y,width,height
GP028291/00023.jpg,1,0.7373566666666665,0.5445300000000001,0.04069302222222222,0.07008945555555555
GP028291/00023.jpg,2,0.7349902222222222,0.5110863333333333,0.014792755555555556,0.06549702222222224
