image,label,x,y,width,height
GP028294/00083.jpg,1,0.4124907142857142,0.5331298571428572,0.024382628571428568,0.04230438571428572
GP028294/00083.jpg,2,0.4111654285714285,0.5176064285714286,0.008654408571428572,0.036245157142857136
