image,label,x,y,width,height
GP028294/00153.jpg,1,0.6017954444444444,0.5344944444444444,0.053840077777777766,0.06325857777777777
GP028294/00153.jpg,2,0.5986974444444446,0.5101718888888889,0.01189617888888889,0.05494421111111111
