image,label,x,y,width,height
GP028291/00191.jpg,1,0.46533199999999997,0.5353089999999999,0.0499825,0.062444900000000005
GP028291/00191.jpg,2,0.46248999999999996,0.5111315000000001,0.011188975,0.05659585
