image,label,x,y,width,height
GP028294/00047.jpg,1,0.77646725,0.53207075,0.045361475,0.07829349999999999
GP028294/00047.jpg,2,0.77284875,0.49856775,0.0191528,0.06958515
