image,label,x,y,width,height
GP028294/00062.jpg,1,0.3845050476190476,0.5342372380952379,0.013685829047619048,0.04005750476190477
GP028294/00062.jpg,2,0.38493852380952376,0.5144743809523811,0.009792368095238094,0.0338301380952381
