image,label,x,y,width,height
GP028291/00051.jpg,1,0.69625375,0.5351542499999999,0.029848625,0.06030185
GP028291/00051.jpg,2,0.69169525,0.5069435,0.013260274999999998,0.052846800000000006
