image,label,x,y,width,height
GP028294/00042.jpg,1,0.5951006923076922,0.6752099230769232,0.3203396923076923,0.3878513076923077
GP028294/00042.jpg,2,0.6164797500000001,0.5410865833333333,0.079329525,0.3872183333333333
