image,label,x,y,width,height
GP028291/00183.jpg,1,0.5060633333333332,0.5344958333333333,0.050601833333333325,0.061217450000000014
GP028291/00183.jpg,2,0.5034476666666666,0.5093219999999999,0.01305745,0.05724818333333333
