image,label,x,y,width,height
GP028291/00113.jpg,1,0.8920128749999999,0.5684458750000001,0.0516339125,0.12105285
GP028291/00113.jpg,2,0.8315306,0.5105564,0.02149598,0.0938271
