image,label,x,y,width,height
GP028294/00101.jpg,1,0.6668547368421052,0.5248876842105263,0.02144268421052632,0.046349931578947366
GP028294/00101.jpg,2,0.6650578947368422,0.503065947368421,0.010977065263157896,0.044339126315789484
