image,label,x,y,width,height
GP028291/00033.jpg,1,0.3991670000000001,0.5367022499999999,0.050057,0.06676810000000001
GP028291/00033.jpg,2,0.3955407500000001,0.5092007500000001,0.01530735,0.0609144
