image,label,x,y,width,height
GP028291/00128.jpg,1,0.5610468750000001,0.6726489375000001,0.3514105,0.4188383125
GP028291/00128.jpg,2,0.545647,0.536117125,0.08028235,0.4096405
