image,label,x,y,width,height
GP028291/00001.jpg,1,0.6079568333333333,0.5478945000000001,0.060113933333333334,0.06779606666666665
GP028291/00001.jpg,2,0.6109483333333333,0.516063,0.014970166666666668,0.06165881666666668
