image,label,x,y,width,height
GP028291/00235.jpg,1,0.533798,0.5544173333333333,0.09124438888888893,0.09641733888888887
GP028291/00235.jpg,2,0.5257026666666668,0.512432388888889,0.019124166666666668,0.09067396666666667
