image,label,x,y,width,height
GP028291/00079.jpg,1,0.705145,0.5540245714285714,0.06288619999999999,0.08712551428571427
GP028291/00079.jpg,2,0.7051698571428571,0.5102460000000001,0.02137405714285714,0.08620004285714286
