image,label,x,y,width,height
GP028291/00229.jpg,1,0.4833057777777777,0.5233744444444445,0.028045077777777774,0.03766452222222223
GP028291/00229.jpg,2,0.4854532222222223,0.5082208888888888,0.007605503333333333,0.03383004444444445
