image,label,x,y,width,height
GP028294/00067.jpg,1,0.6427645000000001,0.5189775000000001,0.0186336,0.04890475
GP028294/00067.jpg,2,0.64254425,0.50084675,0.008968674999999999,0.039309825
