image,label,x,y,width,height
GP028291/00199.jpg,1,0.47810825,0.5212675,0.028306599999999998,0.04130555
GP028291/00199.jpg,2,0.47972525,0.50818525,0.008824660000000002,0.03712665
