image,label,x,y,width,height
GP028291/00080.jpg,1,0.491166,0.5585103333333333,0.09082279999999998,0.09766416666666666
GP028291/00080.jpg,2,0.4856214444444445,0.5057673333333333,0.019766444444444444,0.102133
