image,label,x,y,width,height
GP028291/00124.jpg,1,0.5992221428571428,0.5400494285714285,0.05280582857142857,0.06820502857142859
GP028291/00124.jpg,2,0.6019554285714285,0.5132605714285714,0.013681318571428572,0.06449678571428571
