image,label,x,y,width,height
GP028294/00022.jpg,1,0.5958511428571428,0.5339522857142857,0.030757957142857145,0.05189055714285714
GP028294/00022.jpg,2,0.5954411428571429,0.5080644285714285,0.011802971428571429,0.04831088571428571
