image,label,x,y,width,height
GP028291/00239.jpg,1,0.35711925000000005,0.5250717500000001,0.014661725,0.03948405
GP028291/00239.jpg,2,0.3593395,0.50951775,0.0089553975,0.0391217
