image,label,x,y,width,height
GP028294/00036.jpg,1,0.6165045,0.5249555,0.01362039,0.03943033
GP028294/00036.jpg,2,0.6159759,0.5066416,0.01156928,0.03573102
