image,label,x,y,width,height
GP028294/00020.jpg,1,0.763938,0.528045,0.0382231,0.0790695
GP028294/00020.jpg,2,0.758945,0.49808199999999997,0.016528900000000003,0.06741710000000001
