image,label,x,y,width,height
GP028291/00070.jpg,1,0.30365040000000004,0.529094,0.02031634,0.05905876
GP028291/00070.jpg,2,0.30567340000000004,0.5021882000000001,0.0127244,0.04997912
