image,label,x,y,width,height
GP028294/00111.jpg,1,0.50461,0.5312097499999999,0.00904222125,0.0390486125
GP028294/00111.jpg,2,0.5037061249999999,0.5115445,0.013450550000000002,0.036809025
