image,label,x,y,width,height
GP028294/00087.jpg,1,0.7489177142857143,0.5249362857142857,0.035862642857142864,0.0762173142857143
GP028294/00087.jpg,2,0.7489479999999998,0.4962038571428571,0.014661585714285715,0.06625992857142858
