image,label,x,y,width,height
GP028294/00097.jpg,1,0.447489,0.5274362499999999,0.029599075,0.04331685
GP028294/00097.jpg,2,0.45026099999999997,0.510166,0.0075172775,0.0354895
