image,label,x,y,width,height
GP028291/00030.jpg,1,0.55528,0.5389785999999999,0.05800016,0.06318714
GP028291/00030.jpg,2,0.5519569999999999,0.5069556000000001,0.01499216,0.05451796
