image,label,x,y,width,height
GP028291/00038.jpg,1,0.34988034999999995,0.5244373,0.0132118255,0.03688641
GP028291/00038.jpg,2,0.3490151,0.5072527499999999,0.007387313999999998,0.03326272
