image,label,x,y,width,height
GP028291/00050.jpg,1,0.73973875,0.54922575,0.0203058,0.08283689999999999
GP028291/00050.jpg,2,0.74074675,0.512567,0.0249668,0.08022339999999999
