image,label,x,y,width,height
GP028294/00053.jpg,1,0.5833367142857142,0.5350994285714286,0.044610000000000004,0.0645343
GP028294/00053.jpg,2,0.5858559999999999,0.5056134285714287,0.013234257142857142,0.053630285714285714
