image,label,x,y,width,height
GP028291/00150.jpg,1,0.72981075,0.53987025,0.03939215,0.07206835
GP028291/00150.jpg,2,0.7244447500000001,0.5119745,0.017253599999999997,0.063010175
