image,label,x,y,width,height
GP028291/00197.jpg,1,0.356560625,0.525189375,0.0146257875,0.036325175
GP028291/00197.jpg,2,0.357508,0.506900625,0.00856718125,0.034473000000000004
