image,label,x,y,width,height
GP028294/00014.jpg,1,0.5142244782608695,0.5422820000000002,0.01655736956521739,0.07760073913043478
GP028294/00014.jpg,2,0.5140836956521739,0.5129978260869565,0.02441700434782609,0.06757473043478261
