image,label,x,y,width,height
GP028294/00071.jpg,1,0.9365604999999999,0.5391630000000001,0.07161345,0.11765475
GP028294/00071.jpg,2,0.9418270000000001,0.48771099999999995,0.0204567,0.103037025
