image,label,x,y,width,height
GP028291/00216.jpg,1,0.4804002222222222,0.5274873333333333,0.031541867777777774,0.047244288888888895
GP028291/00216.jpg,2,0.4817038888888889,0.5140773333333333,0.011766864444444443,0.042754377777777776
