image,label,x,y,width,height
GP028291/00111.jpg,1,0.8828995714285713,0.5850124761904764,0.13034219047619047,0.15597752380952382
GP028291/00111.jpg,2,0.8827216190476193,0.5086572857142858,0.03205193333333333,0.15283014285714286
