image,label,x,y,width,height
GP028291/00127.jpg,1,0.9589535,0.60221925,0.0661804,0.22794125
GP028291/00127.jpg,2,0.9697606,0.5378508000000001,0.052385712000000015,0.16379706000000002
