image,label,x,y,width,height
GP028291/00186.jpg,1,0.120624,0.480009,0.0302582,0.05392519999999999
GP028291/00186.jpg,1,0.4861680000000001,0.5323875454545454,0.047251990909090914,0.06664278181818183
GP028291/00186.jpg,2,0.12200699999999999,0.45714899999999997,0.00894731,0.045719199999999995
GP028291/00186.jpg,2,0.4851162727272728,0.5093754545454545,0.011511492727272726,0.055969872727272725
