image,label,x,y,width,height
GP028291/00102.jpg,1,0.5621494,0.5431643,0.0526192,0.06724968
GP028291/00102.jpg,2,0.5620460999999999,0.5123071,0.01314251,0.06426519
