image,label,x,y,width,height
GP028294/00005.jpg,1,0.35868025,0.539,0.0168726,0.050380325
GP028294/00005.jpg,2,0.36020925,0.5163270000000001,0.0133815,0.04704225
