image,label,x,y,width,height
GP028291/00208.jpg,1,0.7086797619047618,0.5372599047619049,0.030588319047619043,0.06698270952380951
GP028291/00208.jpg,2,0.7046158571428572,0.5117684761904763,0.014814009523809525,0.0638729380952381
