image,label,x,y,width,height
GP028291/00265.jpg,1,0.6300836000000001,0.5835653000000001,0.11523669,0.20251493
GP028291/00265.jpg,2,0.6443196,0.5127236,0.04027225,0.17152973
