image,label,x,y,width,height
GP028291/00015.jpg,1,0.227969,0.5479510000000001,0.0653419,0.10047444285714288
GP028291/00015.jpg,2,0.22640942857142854,0.5091939999999999,0.020111814285714288,0.09578697142857144
