image,label,x,y,width,height
GP028294/00015.jpg,1,0.5329719090909092,0.5545348636363637,0.026407204545454543,0.12842368181818178
GP028294/00015.jpg,2,0.5321606363636364,0.5078273636363636,0.03366884090909091,0.10158339090909092
