image,label,x,y,width,height
GP028294/00017.jpg,1,0.97109575,0.631305,0.054369025,0.272161
GP028294/00017.jpg,2,0.99150225,0.44324925,0.014359899999999998,0.14281000000000002
