image,label,x,y,width,height
GP028291/00213.jpg,1,0.46464225,0.522953,0.0300572,0.040473475
GP028291/00213.jpg,2,0.4629795,0.5080450000000001,0.007908024999999999,0.03435225
