image,label,x,y,width,height
GP028294/00100.jpg,1,0.6313352499999999,0.5234385,0.01605895,0.039210375000000006
GP028294/00100.jpg,2,0.63061075,0.5046215000000001,0.008722745,0.03548515
