image,label,x,y,width,height
GP028291/00028.jpg,1,0.49870699999999996,0.534939,0.05022195,0.06491807499999999
GP028291/00028.jpg,2,0.4977705,0.5089285,0.0105308025,0.05650415
