image,label,x,y,width,height
GP028291/00140.jpg,1,0.5044185,0.53646875,0.0158414,0.065792575
GP028291/00140.jpg,2,0.5048632499999999,0.511072,0.018339625,0.060846425
