image,label,x,y,width,height
GP028291/00058.jpg,1,0.371991875,0.5244614999999999,0.014241531250000003,0.0300290375
GP028291/00058.jpg,2,0.37216375,0.509828125,0.007413469999999998,0.0287769375
