image,label,x,y,width,height
GP028291/00158.jpg,1,0.5696729230769232,0.5251889999999999,0.025057187692307692,0.03136733846153846
GP028291/00158.jpg,2,0.5681110833333333,0.5127724166666666,0.007837840833333333,0.033479308333333326
