image,label,x,y,width,height
GP028294/00055.jpg,1,0.5189721111111111,0.538888111111111,0.052887677777777774,0.06396981111111112
GP028294/00055.jpg,2,0.5177866666666667,0.5098402222222223,0.011232013333333334,0.05624865555555556
