image,label,x,y,width,height
GP028291/00175.jpg,1,0.9207676666666668,0.5610543333333333,0.07648795555555556,0.12693944444444444
GP028291/00175.jpg,2,0.9125456666666668,0.5104834444444445,0.02632138888888889,0.11384044444444445
