image,label,x,y,width,height
GP028294/00008.jpg,1,0.4838568333333333,0.5295545,0.01741021666666667,0.037209733333333335
GP028294/00008.jpg,2,0.4843431666666666,0.5123016666666667,0.007745433333333333,0.03270596666666666
