image,label,x,y,width,height
GP028294/00118.jpg,1,0.5505143999999998,0.59896565,0.04836443,0.21978965
GP028294/00118.jpg,2,0.5502189000000001,0.51279155,0.0620455,0.18065325
