image,label,x,y,width,height
GP028291/00020.jpg,1,0.9252834999999999,0.56459825,0.081229725,0.12936325
GP028291/00020.jpg,2,0.91867825,0.509659,0.02199675,0.109691
