image,label,x,y,width,height
GP028294/00116.jpg,1,0.5478202222222223,0.5810170000000001,0.049934988888888886,0.15535511111111114
GP028294/00116.jpg,2,0.5507266666666666,0.513629,0.03875933333333333,0.14013299999999998
