image,label,x,y,width,height
GP028294/00122.jpg,1,0.6933212999999998,0.6488221000000001,0.2742216,0.4454674
GP028294/00122.jpg,2,0.6458959,0.5188448999999999,0.060988,0.346546
