image,label,x,y,width,height
GP028291/00206.jpg,1,0.748422,0.57850975,0.0906135,0.16789425000000002
GP028291/00206.jpg,2,0.7326425000000001,0.50877125,0.04419655,0.133052
