image,label,x,y,width,height
GP028294/00052.jpg,1,0.5517413333333334,0.5351854444444445,0.05063261111111112,0.06376427777777778
GP028294/00052.jpg,2,0.551255888888889,0.5079913333333335,0.010848444444444444,0.05500558888888889
