image,label,x,y,width,height
GP028291/00044.jpg,1,0.6380210000000001,0.5324226666666666,0.02203426666666667,0.04257328333333333
GP028291/00044.jpg,2,0.6395388333333333,0.5103055000000001,0.009381145,0.036762800000000005
