image,label,x,y,width,height
GP028294/00026.jpg,1,0.6490375714285715,0.5214804285714286,0.01639135714285714,0.043128985714285716
GP028294/00026.jpg,2,0.6479045714285715,0.5024644285714286,0.008759452857142858,0.037621257142857134
