image,label,x,y,width,height
GP028294/00161.jpg,1,0.6649401,0.5237467,0.016119679999999997,0.045862099999999996
GP028294/00161.jpg,2,0.6642216,0.5056736000000001,0.009938989,0.04230503
