image,label,x,y,width,height
GP028291/00064.jpg,1,0.9567221428571429,0.5609649999999999,0.06423072857142857,0.1557454285714286
GP028291/00064.jpg,2,0.953823142857143,0.5096222857142857,0.023057357142857143,0.12503714285714285
