image,label,x,y,width,height
GP028294/00123.jpg,1,0.6882231999999999,0.6339741999999999,0.2527292,0.4866132000000001
GP028294/00123.jpg,2,0.6509991999999999,0.5170539999999999,0.06099779999999999,0.3460362
