image,label,x,y,width,height
GP028291/00238.jpg,1,0.3314041428571429,0.5302978571428572,0.017061757142857147,0.04558217142857143
GP028291/00238.jpg,2,0.3321674285714286,0.5070821428571428,0.00969648142857143,0.03981107142857143
