image,label,x,y,width,height
GP028294/00139.jpg,1,0.6516047777777777,0.6241162777777778,0.19076942777777772,0.2412903305555556
GP028294/00139.jpg,2,0.6554027027027028,0.5187166216216218,0.05141515864864864,0.2445922810810811
GP028294/00139.jpg,5,0.681121,0.679211,0.264706,0.335484
