image,label,x,y,width,height
GP028291/00188.jpg,1,0.5174627619047618,0.5342353333333332,0.0489646619047619,0.0664423
GP028291/00188.jpg,2,0.5151034285714285,0.5111227619047619,0.012186087619047615,0.06058645714285714
