image,label,x,y,width,height
GP028291/00106.jpg,1,0.701389,0.56491925,0.097151025,0.14167249999999998
GP028291/00106.jpg,2,0.6956055,0.509201,0.02324035,0.12539275
