image,label,x,y,width,height
GP028291/00006.jpg,1,0.5020754285714286,0.5236534285714286,0.0266334,0.034232442857142865
GP028291/00006.jpg,2,0.5008819999999999,0.5085898571428572,0.007629105714285715,0.032451457142857146
