image,label,x,y,width,height
GP028294/00061.jpg,1,0.375230125,0.533571,0.014463774999999996,0.0445807375
GP028294/00061.jpg,2,0.37630225,0.5140545,0.01015512125,0.0376783875
