image,label,x,y,width,height
GP028291/00167.jpg,1,0.5901322857142858,0.5294724285714285,0.015381914285714287,0.04403774285714285
GP028291/00167.jpg,2,0.5895361428571428,0.5107215714285714,0.00916014,0.0372846
