image,label,x,y,width,height
GP028291/00182.jpg,1,0.56535,0.5359433333333333,0.04673106666666667,0.06016852222222222
GP028291/00182.jpg,2,0.5630466666666667,0.5118627777777778,0.01201145777777778,0.0573039
