image,label,x,y,width,height
GP028291/00241.jpg,1,0.46184975,0.52626225,0.013917500000000001,0.0405111
GP028291/00241.jpg,2,0.46081725,0.50985625,0.0072196875,0.036143525
